DOCENTE RESPONSAVEL,CÓD.UC,NOME DA UC,APROVADOS,REPROVADOS,TOTAL
ADENAUER GIRARDI CASALI,4348,FENÔMENOS DO CONTÍNUO,27.94%,72.06%,68
ADENAUER GIRARDI CASALI,4369,FENÔMENOS MECÂNICOS,28.57%,71.43%,126
ADENAUER GIRARDI CASALI,5132,ANÁLISE DE SINAIS,44.65%,55.35%,477
ADENAUER GIRARDI CASALI,5777,FUNDAMENTOS DE MATLAB APLICADO À ENGENHARIA,62.96%,37.04%,27
ADENAUER GIRARDI CASALI,6112,ENGENHARIA MÉDICA APLICADA,54.83%,45.17%,259
ALINE CAPELLA DE OLIVEIRA,2828,CÁLCULO NUMÉRICO,86.41%,13.59%,103
ALINE CAPELLA DE OLIVEIRA,4350,QUÍMICA ORGÂNICA,95.65%,4.35%,92
ALINE CAPELLA DE OLIVEIRA,4764,CIÊNCIA E TECNOLOGIA DOS MATERIAIS,72.73%,27.27%,143
ALINE CAPELLA DE OLIVEIRA,5367,CÁLCULO EM UMA VARIÁVEL,55.93%,44.07%,59
ALINE CAPELLA DE OLIVEIRA,5787,TÉCNICAS EXPERIMENTAIS,92.38%,7.62%,223
ALINE CAPELLA DE OLIVEIRA,5876,TRATAMENTOS TÉRMICOS,95.97%,4.03%,397
ALINE CAPELLA DE OLIVEIRA,5877,PROCESSAMENTO DE MATERIAIS METÁLICOS,96.25%,3.75%,80
ALINE CAPELLA DE OLIVEIRA,5878,METALURGIA EXTRATIVA,97.44%,2.56%,39
ALINE CAPELLA DE OLIVEIRA,7751,ECOS - EM,89.9%,10.1%,99
ALVARO LUIZ FAZENDA,2651,ALGORITMOS E ESTRUTURAS DE DADOS,38.61%,61.39%,101
ALVARO LUIZ FAZENDA,2833,ALGORITMOS E ESTRUTURAS DE DADOS II,80.48%,19.52%,251
ALVARO LUIZ FAZENDA,3580,PROGRAMAÇÃO CONCORRENTE E DISTRIBUÍDA,85.28%,14.72%,163
ANA CAROLINA LORENA,2471,PROGRAMAÇÃO ORIENTADA A OBJETOS,83.33%,16.67%,36
ANA CAROLINA LORENA,2615,COMPILADORES,98.21%,1.79%,112
ANA CAROLINA LORENA,3490,INTELIGÊNCIA ARTIFICIAL,86.36%,13.64%,22
ANA CAROLINA LORENA,6098,LABORATÓRIO DE SISTEMAS COMPUTACIONAIS: COMPILADORES,73.33%,26.67%,30
ANA CLAUDIA DA SILVA MOREIRA,2201,MATEMÁTICA DISCRETA,50.0%,50.0%,56
ANA CLAUDIA DA SILVA MOREIRA,2650,GEOMETRIA ANALÍTICA,23.08%,76.92%,26
ANA CLAUDIA DA SILVA MOREIRA,5367,CÁLCULO EM UMA VARIÁVEL,29.63%,70.37%,54
ANA LUISA DINE MARTINS LEMOS,2649,LÓGICA DE PROGRAMAÇÃO,70.61%,29.39%,456
ANA LUISA DINE MARTINS LEMOS,2651,ALGORITMOS E ESTRUTURAS DE DADOS,80.85%,19.15%,47
ANA LUISA DINE MARTINS LEMOS,3051,COMPUTAÇÃO GRÁFICA,75.58%,24.42%,172
ANA MARIA DO ESPIRITO SANTO SLAPNIK,4348,FENÔMENOS DO CONTÍNUO,70.45%,29.55%,44
ANA MARIA DO ESPIRITO SANTO SLAPNIK,4369,FENÔMENOS MECÂNICOS,57.8%,42.2%,327
ANA MARIA DO ESPIRITO SANTO SLAPNIK,4538,FENÔMENOS MECÂNICOS EXPERIMENTAL,98.11%,1.89%,53
ANA MARIA DO ESPIRITO SANTO SLAPNIK,4748,FENÔMENOS ELETROMAGNÉTICOS,63.81%,36.19%,105
ANA MARIA DO ESPIRITO SANTO SLAPNIK,5137,FENÔMENOS ELETROMAGNÉTICOS EXPERIMENTAL,90.0%,10.0%,140
ANA MARIA DO ESPIRITO SANTO SLAPNIK,5746,FÍSICA GERAL,85.19%,14.81%,27
ANA PAULA DE MORAES,4714,INTRODUÇÃO À ECOLOGIA,77.94%,22.06%,68
ANA PAULA DE MORAES,5740,BIOLOGIA GERAL,72.73%,27.27%,55
ANA PAULA DE MORAES,5859,BOTÂNICA E FISIOLOGIA VEGETAL,70.83%,29.17%,48
ANA PAULA FONSECA ALBERS,4373,INTRODUÇÃO À ENGENHARIA DE MATERIAIS,85.14%,14.86%,74
ANA PAULA FONSECA ALBERS,4764,CIÊNCIA E TECNOLOGIA DOS MATERIAIS,62.96%,37.04%,27
ANA PAULA FONSECA ALBERS,5402,"VIDROS, VITROCERÂMICOS E VIDRADOS",98.52%,1.48%,135
ANA PAULA FONSECA ALBERS,5784,MATÉRIAS-PRIMAS CERÂMICAS,94.87%,5.13%,39
ANA PAULA FONSECA ALBERS,5787,TÉCNICAS EXPERIMENTAIS,93.94%,6.06%,99
ANA PAULA FONSECA ALBERS,5875,CERÂMICAS REFRATÁRIAS,93.83%,6.17%,243
ANA PAULA FONSECA ALBERS,6682,ENGENHARIA DE PRODUTOS CERÂMICOS,98.73%,1.27%,158
ANA PAULA LEMES,4370,QUÍMICA GERAL EXPERIMENTAL,57.78%,42.22%,90
ANA PAULA LEMES,4537,TECNOLOGIA E MEIO AMBIENTE,90.52%,9.48%,211
ANA PAULA LEMES,5144,MATERIAIS POLIMÉRICOS,90.69%,9.31%,408
ANA PAULA LEMES,6931,TÓPICOS ESPECIAIS EM CIÊNCIA E ENGENHARIA DE MATERIAIS II,95.56%,4.44%,45
ANA PAULA LEMES,8519,PROJETOS SUSTENTÁVEIS EM POLÍMEROS,94.44%,5.56%,72
ANDERSON GARBUGLIO DE OLIVEIRA,4370,QUÍMICA GERAL EXPERIMENTAL,74.07%,25.93%,54
ANDERSON GARBUGLIO DE OLIVEIRA,5704,QUÍMICA GERAL,68.18%,31.82%,44
ANDRE MARCORIN DE OLIVEIRA,6033,SISTEMAS EMBARCADOS,80.41%,19.59%,97
ANDRE MARCORIN DE OLIVEIRA,6089,LABORATÓRIO DE CIRCUITOS ELÉTRICOS,97.56%,2.44%,41
ANDRE MARCORIN DE OLIVEIRA,8271,LABORATÓRIO DE SISTEMAS COMPUTACIONAIS: COMUNICAÇÃO DIGITAL,95.24%,4.76%,21
ANDRE ZELANIS PALITOT PEREIRA,5372,INTRODUÇÃO À BIOINFORMÁTICA,88.24%,11.76%,136
ANDRE ZELANIS PALITOT PEREIRA,5390,INTRODUÇÃO À BIOLOGIA DE SISTEMAS,89.08%,10.92%,119
ANDRE ZELANIS PALITOT PEREIRA,5703,FUNDAMENTOS DE BIOLOGIA MODERNA,72.43%,27.57%,816
ANGELO CALIL BIANCHI,2201,MATEMÁTICA DISCRETA,28.57%,71.43%,77
ANGELO CALIL BIANCHI,2475,ÁLGEBRA LINEAR,52.76%,47.24%,163
ANGELO CALIL BIANCHI,2650,GEOMETRIA ANALÍTICA,57.32%,42.68%,82
ANGELO CALIL BIANCHI,4187,INTRODUÇÃO À GEOMETRIA ANALÍTICA E ÁLGEBRA LINEAR,29.07%,70.93%,86
ANTONIO AUGUSTO CHAVES,2616,LINGUAGENS FORMAIS E AUTÔMATOS,86.72%,13.28%,399
ANTONIO AUGUSTO CHAVES,2649,LÓGICA DE PROGRAMAÇÃO,52.27%,47.73%,44
ANTONIO AUGUSTO CHAVES,4409,INTRODUÇÃO À PESQUISA OPERACIONAL,64.0%,36.0%,25
ARLINDO FLAVIO DA CONCEICAO,2649,LÓGICA DE PROGRAMAÇÃO,60.55%,39.45%,109
ARLINDO FLAVIO DA CONCEICAO,2833,ALGORITMOS E ESTRUTURAS DE DADOS II,51.85%,48.15%,27
ARLINDO FLAVIO DA CONCEICAO,3047,MULTIMÍDIA,54.55%,45.45%,22
ARLINDO FLAVIO DA CONCEICAO,6100,PROJETOS EM ENGENHARIA DE COMPUTAÇÃO,95.83%,4.17%,24
ARLINDO FLAVIO DA CONCEICAO,6101,SEMINÁRIOS INTERDISCIPLINARES,85.71%,14.29%,21
ARLINDO FLAVIO DA CONCEICAO,6169,TÓPICOS EM TECNOLOGIA DA COMPUTAÇÃO II,68.97%,31.03%,29
ARLINDO FLAVIO DA CONCEICAO,8822,SEMINÁRIOS MULTIDISCIPLINARES SOBRE CIÊNCIA E TECNOLOGIA,83.72%,16.28%,43
BRUNO YUJI LINO KIMURA,2612,SISTEMAS OPERACIONAIS,60.38%,39.62%,366
BRUNO YUJI LINO KIMURA,2617,REDES DE COMPUTADORES,72.98%,27.02%,248
BRUNO YUJI LINO KIMURA,2649,LÓGICA DE PROGRAMAÇÃO,52.22%,47.78%,90
CAMILA BERTINI MARTINS,2609,PROBABILIDADE E ESTATÍSTICA,67.31%,32.69%,52
CARLOS CESAR APARECIDO EGUTI,6110,AVANÇOS EM ENGENHARIA BIOMÉDICA,83.72%,16.28%,43
CARLOS MARCELO GURJAO DE GODOY,4374,METODOLOGIA DA PESQUISA E COMUNICAÇÃO CIENTÍFICA,87.63%,12.37%,97
CARLOS MARCELO GURJAO DE GODOY,4380,INTRODUÇÃO À ENGENHARIA BIOMÉDICA,90.08%,9.92%,121
CARLOS MARCELO GURJAO DE GODOY,4538,FENÔMENOS MECÂNICOS EXPERIMENTAL,82.35%,17.65%,68
CARLOS MARCELO GURJAO DE GODOY,5364,FENÔMENOS DO CONTÍNUO EXPERIMENTAL,97.14%,2.86%,35
CARLOS MARCELO GURJAO DE GODOY,5385,COMUNICAÇÃO E EXPRESSÃO,80.39%,19.61%,51
CARLOS MARCELO GURJAO DE GODOY,6089,LABORATÓRIO DE CIRCUITOS ELÉTRICOS,98.66%,1.34%,149
CARLOS MARCELO GURJAO DE GODOY,6093,BIOFÍSICA,78.0%,22.0%,50
CARLOS MARCELO GURJAO DE GODOY,6113,ELETRÔNICA AVANÇADA,97.78%,2.22%,90
CLAUDIA ALINE AZEVEDO DOS SANTOS MESQUITA,2650,GEOMETRIA ANALÍTICA,60.4%,39.6%,149
CLAUDIA ALINE AZEVEDO DOS SANTOS MESQUITA,4328,SÉRIES E EQUAÇÕES DIFERENCIAIS ORDINÁRIAS,72.04%,27.96%,397
CLAUDIA ALINE AZEVEDO DOS SANTOS MESQUITA,5359,CÁLCULO EM VÁRIAS VARIÁVEIS,73.97%,26.03%,219
CLAUDIA ALINE AZEVEDO DOS SANTOS MESQUITA,5367,CÁLCULO EM UMA VARIÁVEL,48.78%,51.22%,246
CLAUDIA ALINE AZEVEDO DOS SANTOS MESQUITA,7684,LABORATÓRIO DE MATEMÁTICA,84.17%,15.83%,139
CLAUDIA ALINE AZEVEDO DOS SANTOS MESQUITA,8821,"COORDENADAS POLARES, CILÍNDRICAS E ESFÉRICAS",66.04%,33.96%,53
CLAUDIA ALINE AZEVEDO DOS SANTOS MESQUITA,8823,FUNÇÕES TRIGONOMÉTRICAS,77.7%,22.3%,139
CLAUDIA BARBOSA LADEIRA DE CAMPOS,4189,BIOLOGIA MOLECULAR E CELULAR,73.68%,26.32%,95
CLAUDIA BARBOSA LADEIRA DE CAMPOS,4375,LABORATÓRIO DE BIOLOGIA MOLECULAR E CELULAR,94.97%,5.03%,159
CLAUDIA BARBOSA LADEIRA DE CAMPOS,5703,FUNDAMENTOS DE BIOLOGIA MODERNA,74.97%,25.03%,843
CLAUDIA BARBOSA LADEIRA DE CAMPOS,5741,BIOLOGIA MOLECULAR DA CÉLULA,77.43%,22.57%,319
CLAUDIO SABURO SHIDA,4374,METODOLOGIA DA PESQUISA E COMUNICAÇÃO CIENTÍFICA,78.39%,21.61%,236
CLAUDIO SABURO SHIDA,4538,FENÔMENOS MECÂNICOS EXPERIMENTAL,95.12%,4.88%,82
CLAUDIO SABURO SHIDA,4541,MICROECONOMIA,57.29%,42.71%,192
CLAUDIO SABURO SHIDA,4765,DESENHO TÉCNICO,88.52%,11.48%,244
CLAUDIO SABURO SHIDA,4766,ELETRICIDADE APLICADA,86.49%,13.51%,37
CLAUDIO SABURO SHIDA,5414,ALGORITMOS EM BIOINFORMÁTICA,93.26%,6.74%,386
CLAUDIO SABURO SHIDA,5704,QUÍMICA GERAL,63.56%,36.44%,118
CLAUDIO SABURO SHIDA,5885,QUALIDADE,71.43%,28.57%,28
CLAUDIO SABURO SHIDA,5900,DESENHO TÉCNICO BÁSICO,82.04%,17.96%,1186
CLAUDIO SABURO SHIDA,5901,DESENHO TÉCNICO ASSISTIDO POR COMPUTADOR,86.82%,13.18%,129
CLAUDIO SABURO SHIDA,6099,MATERIAIS ELÉTRICOS,88.89%,11.11%,36
CLEBER FERNANDO COLLE,5367,CÁLCULO EM UMA VARIÁVEL,52.17%,47.83%,253
DAIANA OLIVEIRA DOS SANTOS,5367,CÁLCULO EM UMA VARIÁVEL,84.44%,15.56%,45
DANIEL GUSTAVO GOROSO,4348,FENÔMENOS DO CONTÍNUO,66.07%,33.93%,56
DANIEL GUSTAVO GOROSO,4369,FENÔMENOS MECÂNICOS,51.05%,48.95%,239
DANIEL GUSTAVO GOROSO,5364,FENÔMENOS DO CONTÍNUO EXPERIMENTAL,80.95%,19.05%,21
DANIEL GUSTAVO GOROSO,5746,FÍSICA GERAL,93.1%,6.9%,29
DANIELA LEAL MUSA,2609,PROBABILIDADE E ESTATÍSTICA,71.15%,28.85%,52
DANIELA LEAL MUSA,2649,LÓGICA DE PROGRAMAÇÃO,77.29%,22.71%,458
DANIELA LEAL MUSA,2651,ALGORITMOS E ESTRUTURAS DE DADOS,62.5%,37.5%,40
DANIELA LEAL MUSA,2672,"CIÊNCIA, TECNOLOGIA E SOCIEDADE",85.07%,14.93%,67
DANIELA LEAL MUSA,2828,CÁLCULO NUMÉRICO,90.09%,9.91%,111
DANIELA LEAL MUSA,2831,BANCO DE DADOS,95.87%,4.13%,557
DANIELA LEAL MUSA,4186,BASES EPISTEMOLÓGICAS DA CIÊNCIA MODERNA,84.27%,15.73%,89
DANIELA LEAL MUSA,4348,FENÔMENOS DO CONTÍNUO,52.63%,47.37%,38
DANIELA LEAL MUSA,4352,MODELAGEM COMPUTACIONAL,86.11%,13.89%,36
DANIELA LEAL MUSA,4767,"ECONOMIA, SOCIEDADE E MEIO AMBIENTE",93.62%,6.38%,47
DANIELA LEAL MUSA,4782,ASPECTOS DE IMPLEMENTAÇÃO DE BANCO DE DADOS,85.19%,14.81%,81
DANIELA LEAL MUSA,6106,ELABORAÇÃO DE TRABALHOS CIENTÍFICOS E TECNOLÓGICOS EM COMPUTAÇÃO,84.0%,16.0%,25
DANIELA LEAL MUSA,7754,ECOS - EC,93.75%,6.25%,112
DANIELI APARECIDA PEREIRA REIS,3491,TRABALHO DE CONCLUSÃO DE CURSO,76.92%,23.08%,39
DANIELI APARECIDA PEREIRA REIS,4188,QUÍMICA GERAL TEÓRICA,77.39%,22.61%,230
DANIELI APARECIDA PEREIRA REIS,5143,MATERIAIS METÁLICOS,95.13%,4.87%,267
DANIELI APARECIDA PEREIRA REIS,6182,TRABALHO DE CONCLUSÃO DE CURSO II,68.18%,31.82%,44
DANIELI APARECIDA PEREIRA REIS,6671,METALURGIA FÍSICA,97.22%,2.78%,36
DANIELI APARECIDA PEREIRA REIS,6928,METALURGIA MECÂNICA,97.58%,2.42%,289
DANIELLE MAASS,4537,TECNOLOGIA E MEIO AMBIENTE,86.11%,13.89%,36
DANIELLE MAASS,5759,BIOTECNOLOGIA DE ENERGIAS RENOVÁVEIS,86.52%,13.48%,141
DANIELLE MAASS,5857,BIOTECNOLOGIA AMBIENTAL,85.16%,14.84%,128
DANIELLE MAASS,5863,BIOTECNOLOGIA DE ENERGIAS RENOVÁVEIS II,95.45%,4.55%,44
DANIELLE MAASS,5865,BIOTECNOLOGIA AMBIENTAL II,97.83%,2.17%,46
DAYANE BATISTA TADA,4188,QUÍMICA GERAL TEÓRICA,49.14%,50.86%,175
DAYANE BATISTA TADA,4370,QUÍMICA GERAL EXPERIMENTAL,58.39%,41.61%,161
DAYANE BATISTA TADA,5169,INTRODUÇÃO À NANOTECNOLOGIA,82.09%,17.91%,363
DAYANE BATISTA TADA,5704,QUÍMICA GERAL,50.26%,49.74%,569
DAYANE BATISTA TADA,5786,SÍNTESE DE POLÍMEROS,96.92%,3.08%,65
DENISE STRINGHINI,2471,PROGRAMAÇÃO ORIENTADA A OBJETOS,86.96%,13.04%,23
DENISE STRINGHINI,2475,ÁLGEBRA LINEAR,94.49%,5.51%,127
DENISE STRINGHINI,2609,PROBABILIDADE E ESTATÍSTICA,84.08%,15.92%,157
DENISE STRINGHINI,2649,LÓGICA DE PROGRAMAÇÃO,63.04%,36.96%,92
DENISE STRINGHINI,2834,ARQUITETURA E ORGANIZAÇÃO DE COMPUTADORES,89.19%,10.81%,74
DENISE STRINGHINI,3518,CIRCUITOS DIGITAIS,71.68%,28.32%,685
DENISE STRINGHINI,3580,PROGRAMAÇÃO CONCORRENTE E DISTRIBUÍDA,81.19%,18.81%,101
DENISE STRINGHINI,4348,FENÔMENOS DO CONTÍNUO,48.65%,51.35%,37
DENISE STRINGHINI,4374,METODOLOGIA DA PESQUISA E COMUNICAÇÃO CIENTÍFICA,78.29%,21.71%,350
DENISE STRINGHINI,4538,FENÔMENOS MECÂNICOS EXPERIMENTAL,85.29%,14.71%,34
DENISE STRINGHINI,4748,FENÔMENOS ELETROMAGNÉTICOS,62.16%,37.84%,37
DENISE STRINGHINI,4774,MUDANÇA DO CLIMA E SOCIEDADE,89.36%,10.64%,47
DENISE STRINGHINI,5135,CIRCUITOS ELÉTRICOS,43.18%,56.82%,44
DENISE STRINGHINI,5704,QUÍMICA GERAL,36.36%,63.64%,66
DENISE STRINGHINI,5844,MATEMÁTICA GERAL,98.15%,1.85%,54
DENISE STRINGHINI,5900,DESENHO TÉCNICO BÁSICO,65.62%,34.38%,32
DENISE STRINGHINI,7672,PRÁTICA EM PROJETOS EXTENSIONISTAS,83.54%,16.46%,79
DENISE STRINGHINI,8051,PRÁTICA EM PROJETOS EXTENSIONISTAS II,90.32%,9.68%,62
DILERMANDO NAGLE TRAVESSA,4538,FENÔMENOS MECÂNICOS EXPERIMENTAL,91.3%,8.7%,23
DILERMANDO NAGLE TRAVESSA,5143,MATERIAIS METÁLICOS,99.14%,0.86%,116
DILERMANDO NAGLE TRAVESSA,5387,ENSAIOS DE MATERIAIS,95.08%,4.92%,325
DILERMANDO NAGLE TRAVESSA,5877,PROCESSAMENTO DE MATERIAIS METÁLICOS,88.72%,11.28%,266
DILERMANDO NAGLE TRAVESSA,7751,ECOS - EM,75.43%,24.57%,175
EDSON GIULIANI RAMOS FERNANDES,5135,CIRCUITOS ELÉTRICOS,53.89%,46.11%,347
EDSON GIULIANI RAMOS FERNANDES,5170,BIOMATERIAIS,84.65%,15.35%,456
EDSON GIULIANI RAMOS FERNANDES,5386,CONTROLE DE SISTEMAS DINÂMICOS,91.89%,8.11%,37
EDSON GIULIANI RAMOS FERNANDES,5933,BIOSSENSORES,90.48%,9.52%,126
EDUARDO ANTONELLI,4348,FENÔMENOS DO CONTÍNUO,82.22%,17.78%,90
EDUARDO ANTONELLI,4369,FENÔMENOS MECÂNICOS,42.91%,57.09%,289
EDUARDO ANTONELLI,4538,FENÔMENOS MECÂNICOS EXPERIMENTAL,94.85%,5.15%,136
EDUARDO ANTONELLI,4748,FENÔMENOS ELETROMAGNÉTICOS,85.19%,14.81%,270
EDUARDO ANTONELLI,5137,FENÔMENOS ELETROMAGNÉTICOS EXPERIMENTAL,95.74%,4.26%,329
EDUARDO ANTONELLI,5364,FENÔMENOS DO CONTÍNUO EXPERIMENTAL,96.0%,4.0%,100
EDUARDO FERRO DOS SANTOS,4765,DESENHO TÉCNICO,96.3%,3.7%,54
EDUARDO QUINTEIRO,3491,TRABALHO DE CONCLUSÃO DE CURSO,78.87%,21.13%,71
EDUARDO QUINTEIRO,4373,INTRODUÇÃO À ENGENHARIA DE MATERIAIS,86.96%,13.04%,138
EDUARDO QUINTEIRO,5142,MATERIAIS CERÂMICOS,95.83%,4.17%,24
EDUARDO QUINTEIRO,5396,SELEÇÃO DE MATERIAIS,95.5%,4.5%,333
EDUARDO QUINTEIRO,5784,MATÉRIAS-PRIMAS CERÂMICAS,98.25%,1.75%,342
EDUARDO QUINTEIRO,6182,TRABALHO DE CONCLUSÃO DE CURSO II,91.53%,8.47%,59
EDUARDO QUINTEIRO,6927,MATERIAIS DE CONSTRUÇÃO CIVIL,95.07%,4.93%,223
ELBERT EINSTEIN NEHRER MACAU,2975,TEORIA DOS GRAFOS,95.83%,4.17%,24
ELBERT EINSTEIN NEHRER MACAU,6101,SEMINÁRIOS INTERDISCIPLINARES,93.85%,6.15%,65
ELBERT EINSTEIN NEHRER MACAU,6106,ELABORAÇÃO DE TRABALHOS CIENTÍFICOS E TECNOLÓGICOS EM COMPUTAÇÃO,63.86%,36.14%,83
ELIANDRA DE SOUSA TRICHES,5142,MATERIAIS CERÂMICOS,96.15%,3.85%,442
ELIANDRA DE SOUSA TRICHES,5402,"VIDROS, VITROCERÂMICOS E VIDRADOS",96.74%,3.26%,92
ELIANDRA DE SOUSA TRICHES,5873,PROCESSAMENTO DE MATERIAIS CERÂMICOS,97.9%,2.1%,143
ELIANDRA DE SOUSA TRICHES,5882,ESTÁGIO,96.0%,4.0%,25
ELIANDRA DE SOUSA TRICHES,7751,ECOS - EM,96.88%,3.12%,32
ELIANDRA DE SOUSA TRICHES,9016,MANUFATURA ADITIVA,80.0%,20.0%,30
ELIAS DE BARROS SANTOS,4370,QUÍMICA GERAL EXPERIMENTAL,87.0%,13.0%,100
ELIAS DE BARROS SANTOS,4772,QUÍMICA INORGÂNICA,85.19%,14.81%,108
ELIAS DE BARROS SANTOS,5169,INTRODUÇÃO À NANOTECNOLOGIA,85.71%,14.29%,266
ELIAS DE BARROS SANTOS,5704,QUÍMICA GERAL,54.05%,45.95%,407
ELISA ESPOSITO,3491,TRABALHO DE CONCLUSÃO DE CURSO,88.46%,11.54%,26
ELISA ESPOSITO,4189,BIOLOGIA MOLECULAR E CELULAR,67.92%,32.08%,106
ELISA ESPOSITO,4714,INTRODUÇÃO À ECOLOGIA,83.01%,16.99%,206
ELISA ESPOSITO,5120,MICROBIOLOGIA GERAL,80.24%,19.76%,329
ELISA ESPOSITO,5121,MICROBIOLOGIA APLICADA E INDUSTRIAL,90.52%,9.48%,211
ELISA ESPOSITO,5703,FUNDAMENTOS DE BIOLOGIA MODERNA,63.96%,36.04%,111
ELISA ESPOSITO,5848,LABORATÓRIO DE MICROBIOLOGIA,93.29%,6.71%,149
ELISA ESPOSITO,5857,BIOTECNOLOGIA AMBIENTAL,89.29%,10.71%,28
ELISABETH DE FATIMA PIRES AUGUSTO,4760,INTRODUÇÃO À BIOTECNOLOGIA,70.83%,29.17%,24
ELISABETH DE FATIMA PIRES AUGUSTO,5119,FUNDAMENTOS DE ENGENHARIA BIOQUÍMICA,78.06%,21.94%,155
ELISABETH DE FATIMA PIRES AUGUSTO,5370,ENGENHARIA BIOQUÍMICA,94.9%,5.1%,98
ELIZABETE MAYUMY KOBAYASHI,2672,"CIÊNCIA, TECNOLOGIA E SOCIEDADE",90.78%,9.22%,141
ELIZABETE MAYUMY KOBAYASHI,5870,"CIÊNCIA, TECNOLOGIA, SOCIEDADE E AMBIENTE",90.7%,9.3%,301
ELIZABETE MAYUMY KOBAYASHI,6079,TÓPICOS EM CIÊNCIA E TECNOLOGIA II,89.02%,10.98%,173
ELIZABETE MAYUMY KOBAYASHI,6084,"DIREITOS HUMANOS, MULTICULTURALISMO E C&T",90.78%,9.22%,217
ELIZANGELA CAMILO,4328,SÉRIES E EQUAÇÕES DIFERENCIAIS ORDINÁRIAS,70.77%,29.23%,366
ELIZANGELA CAMILO,5359,CÁLCULO EM VÁRIAS VARIÁVEIS,75.11%,24.89%,229
ELIZANGELA CAMILO,5367,CÁLCULO EM UMA VARIÁVEL,39.94%,60.06%,333
ELIZANGELA CAMILO,6517,UNIDADE DE APOIO AO CÁLCULO,24.14%,75.86%,58
ERICA FREIRE ANTUNES,4538,FENÔMENOS MECÂNICOS EXPERIMENTAL,89.47%,10.53%,38
ERWIN DOESCHER,2201,MATEMÁTICA DISCRETA,66.67%,33.33%,114
ERWIN DOESCHER,2828,CÁLCULO NUMÉRICO,92.64%,7.36%,571
ERWIN DOESCHER,4328,SÉRIES E EQUAÇÕES DIFERENCIAIS ORDINÁRIAS,83.11%,16.89%,515
ERWIN DOESCHER,4406,TEORIA DOS NÃMEROS E CRIPTOGRAFIA,80.0%,20.0%,35
ERWIN DOESCHER,5359,CÁLCULO EM VÁRIAS VARIÁVEIS,85.11%,14.89%,329
EUDES ETERNO FILETI,4187,INTRODUÇÃO À GEOMETRIA ANALÍTICA E ÁLGEBRA LINEAR,45.45%,54.55%,99
EUDES ETERNO FILETI,4348,FENÔMENOS DO CONTÍNUO,63.3%,36.7%,267
EUDES ETERNO FILETI,4369,FENÔMENOS MECÂNICOS,59.48%,40.52%,348
EUDES ETERNO FILETI,4376,FUNÇÕES DE UMA VARIÁVEL,44.16%,55.84%,77
EUDES ETERNO FILETI,4748,FENÔMENOS ELETROMAGNÉTICOS,68.57%,31.43%,35
EUDES ETERNO FILETI,4770,MECÂNICA GERAL,60.57%,39.43%,459
EUDES ETERNO FILETI,5361,INTRODUÇÃO AO COSMOS,86.36%,13.64%,66
EZEQUIEL ROBERTO ZORZAL,2612,SISTEMAS OPERACIONAIS,87.5%,12.5%,192
EZEQUIEL ROBERTO ZORZAL,2649,LÓGICA DE PROGRAMAÇÃO,85.31%,14.69%,143
EZEQUIEL ROBERTO ZORZAL,2651,ALGORITMOS E ESTRUTURAS DE DADOS,73.58%,26.42%,265
EZEQUIEL ROBERTO ZORZAL,4410,REALIDADE VIRTUAL E AUMENTADA,82.0%,18.0%,50
EZEQUIEL ROBERTO ZORZAL,7218,TÓPICOS EM TECNOLOGIA DA COMPUTAÇÃO IV,82.72%,17.28%,81
FABIANO CARLOS PAIXAO,3491,TRABALHO DE CONCLUSÃO DE CURSO,95.45%,4.55%,22
FABIANO CARLOS PAIXAO,4369,FENÔMENOS MECÂNICOS,36.84%,63.16%,190
FABIANO CARLOS PAIXAO,5364,FENÔMENOS DO CONTÍNUO EXPERIMENTAL,89.55%,10.45%,67
FABIANO CARLOS PAIXAO,5453,INTRODUÇÃO À ELETROTÉCNICA,96.74%,3.26%,92
FABIANO CARLOS PAIXAO,5746,FÍSICA GERAL,92.23%,7.77%,103
FABIANO CARLOS PAIXAO,5763,TRANSDUÇÃO DE GRANDEZAS BIOMÉDICAS,96.05%,3.95%,76
FABIANO CARLOS PAIXAO,5849,EMPREENDEDORISMO EM BIOTECNOLOGIA,91.21%,8.79%,91
FABIANO CARLOS PAIXAO,6068,INSTRUMENTOS BIOMÉDICOS,95.45%,4.55%,88
FABIANO CARLOS PAIXAO,7493,DESENVOLVIMENTO DE NOVOS NEGÓCIOS EM ENGENHARIA BIOMÉDICA,80.0%,20.0%,45
FABIANO CARLOS PAIXAO,7671,EMPREENDEDORISMO,74.03%,25.97%,77
FABIO AUGUSTO FARIA,2649,LÓGICA DE PROGRAMAÇÃO,35.11%,64.89%,319
FABIO AUGUSTO FARIA,2651,ALGORITMOS E ESTRUTURAS DE DADOS,50.55%,49.45%,91
FABIO AUGUSTO FARIA,3490,INTELIGÊNCIA ARTIFICIAL,43.14%,56.86%,102
FABIO AUGUSTO MENOCCI CAPPABIANCO,2649,LÓGICA DE PROGRAMAÇÃO,37.65%,62.35%,85
FABIO AUGUSTO MENOCCI CAPPABIANCO,2834,ARQUITETURA E ORGANIZAÇÃO DE COMPUTADORES,72.29%,27.71%,332
FABIO AUGUSTO MENOCCI CAPPABIANCO,3518,CIRCUITOS DIGITAIS,53.62%,46.38%,483
FABIO AUGUSTO MENOCCI CAPPABIANCO,4544,TRABALHO DE GRADUAÇÃO,39.13%,60.87%,69
FABIO AUGUSTO MENOCCI CAPPABIANCO,8288,SEGURANÇA DA INFORMAÇÃO,87.21%,12.79%,86
FABIO DALL CORTIVO,5359,CÁLCULO EM VÁRIAS VARIÁVEIS,63.33%,36.67%,30
FABIO FAGUNDES SILVEIRA,2471,PROGRAMAÇÃO ORIENTADA A OBJETOS,84.76%,15.24%,210
FABIO FAGUNDES SILVEIRA,2614,ENGENHARIA DE SOFTWARE,96.47%,3.53%,170
FABIO FAGUNDES SILVEIRA,5168,PROJETO ORIENTADO A OBJETOS,82.5%,17.5%,200
FABIO GAVA AOKI,5776,BIOMECÂNICA,97.18%,2.82%,71
FABIO GAVA AOKI,6111,BIOENGENHARIA,89.91%,10.09%,109
FABIO GAVA AOKI,7753,ECOS - EB,97.2%,2.8%,143
FABIO GAVA AOKI,8521,ELETRÔNICA,90.15%,9.85%,132
FABIO ROBERTO PASSADOR,4373,INTRODUÇÃO À ENGENHARIA DE MATERIAIS,93.84%,6.16%,503
FABIO ROBERTO PASSADOR,4537,TECNOLOGIA E MEIO AMBIENTE,98.48%,1.52%,66
FABIO ROBERTO PASSADOR,5144,MATERIAIS POLIMÉRICOS,97.37%,2.63%,38
FABIO ROBERTO PASSADOR,5169,INTRODUÇÃO À NANOTECNOLOGIA,83.33%,16.67%,102
FABIO ROBERTO PASSADOR,5785,REOLOGIA DOS MATERIAIS,96.88%,3.12%,32
FABIO ROBERTO PASSADOR,5874,PROCESSAMENTO DE TERMOFIXOS E ELASTÔMEROS,96.73%,3.27%,397
FABIO ROBERTO PASSADOR,5879,PROCESSAMENTO DE TERMOPLÁSTICOS,98.79%,1.21%,331
FABIO ROBERTO PASSADOR,6666,BLENDAS POLIMÉRICAS,97.09%,2.91%,103
FELIPE MANCINI,2616,LINGUAGENS FORMAIS E AUTÔMATOS,98.0%,2.0%,50
FELIPE MANCINI,7548,SISTEMAS COMPUTACIONAIS COLABORATIVOS,57.69%,42.31%,26
FERNANDA QUELHO ROSSI,2834,ARQUITETURA E ORGANIZAÇÃO DE COMPUTADORES,80.46%,19.54%,87
FERNANDA QUELHO ROSSI,5928,LABORATÓRIO DE SISTEMAS COMPUTACIONAIS: CIRCUITOS DIGITAIS,66.67%,33.33%,30
FERNANDA QUELHO ROSSI,6033,SISTEMAS EMBARCADOS,95.24%,4.76%,21
FERNANDA QUELHO ROSSI,6089,LABORATÓRIO DE CIRCUITOS ELÉTRICOS,86.36%,13.64%,198
FERNANDO HENRIQUE CRISTOVAN,4350,QUÍMICA ORGÂNICA,84.79%,15.21%,263
FERNANDO HENRIQUE CRISTOVAN,4370,QUÍMICA GERAL EXPERIMENTAL,69.51%,30.49%,82
FERNANDO HENRIQUE CRISTOVAN,4773,TERMODINÂMICA QUÍMICA,95.65%,4.35%,46
FERNANDO HENRIQUE CRISTOVAN,5786,SÍNTESE DE POLÍMEROS,87.5%,12.5%,32
FLAVIA CRISTINA MARTINS QUEIROZ MARIANO,2609,PROBABILIDADE E ESTATÍSTICA,79.17%,20.83%,504
FLAVIA CRISTINA MARTINS QUEIROZ MARIANO,5844,MATEMÁTICA GERAL,96.88%,3.12%,32
FLAVIO AIMBIRE SOARES DE CARVALHO,4368,BIOQUÍMICA E FISIOLOGIA HUMANA,54.05%,45.95%,74
FLAVIO AIMBIRE SOARES DE CARVALHO,4374,METODOLOGIA DA PESQUISA E COMUNICAÇÃO CIENTÍFICA,80.0%,20.0%,30
FLAVIO AIMBIRE SOARES DE CARVALHO,5118,FISIOLOGIA EXPERIMENTAL,99.45%,0.55%,183
FLAVIO AIMBIRE SOARES DE CARVALHO,5140,FARMACOLOGIA MOLECULAR,83.11%,16.89%,148
FLAVIO AIMBIRE SOARES DE CARVALHO,5356,FISIOLOGIA HUMANA,81.23%,18.77%,405
FLAVIO AIMBIRE SOARES DE CARVALHO,6111,BIOENGENHARIA,95.86%,4.14%,145
FLAVIO AIMBIRE SOARES DE CARVALHO,8272,FISIOLOGIA HUMANA II,82.95%,17.05%,129
FLAVIO VIEIRA LOURES,5855,IMUNOLOGIA GERAL,90.79%,9.21%,76
FLAVIO VIEIRA LOURES,5858,BIOTECNOLOGIA ANIMAL,84.27%,15.73%,89
FLAVIO VIEIRA LOURES,5864,IMUNOLOGIA APLICADA,94.87%,5.13%,39
FLAVIO VIEIRA LOURES,5866,MODELOS ANIMAIS,88.57%,11.43%,35
FRANCISCO DAS CHAGAS CARVALHO,4369,FENÔMENOS MECÂNICOS,26.72%,73.28%,116
FRANCISCO DAS CHAGAS CARVALHO,4770,MECÂNICA GERAL,92.31%,7.69%,26
FRANCISCO GORGONIO DA NÓBREGA,5115,"CIDADANIA, CIÊNCIA E POLÊMICA",66.67%,33.33%,24
FRANCISCO GORGONIO DA NÓBREGA,5384,BIOÉTICA E BIOSSEGURANÇA,98.21%,1.79%,56
GABRIEL HAESER,4187,INTRODUÇÃO À GEOMETRIA ANALÍTICA E ÁLGEBRA LINEAR,41.73%,58.27%,139
GABRIEL HAESER,5362,INTRODUÇÃO AO RACIOCÍNIO MATEMÁTICO,70.37%,29.63%,27
GABRIEL INACIO DE MORAIS HONORATO DE SOUZA,4714,INTRODUÇÃO À ECOLOGIA,91.23%,8.77%,57
GABRIEL INACIO DE MORAIS HONORATO DE SOUZA,4760,INTRODUÇÃO À BIOTECNOLOGIA,72.53%,27.47%,91
GABRIEL INACIO DE MORAIS HONORATO DE SOUZA,5703,FUNDAMENTOS DE BIOLOGIA MODERNA,58.06%,41.94%,62
GABRIEL INACIO DE MORAIS HONORATO DE SOUZA,5740,BIOLOGIA GERAL,85.0%,15.0%,80
GABRIEL INACIO DE MORAIS HONORATO DE SOUZA,5858,BIOTECNOLOGIA ANIMAL,93.1%,6.9%,29
GISELE FERREIRA DE LIMA ANDREANI,3491,TRABALHO DE CONCLUSÃO DE CURSO,94.44%,5.56%,72
GISELE FERREIRA DE LIMA ANDREANI,4188,QUÍMICA GERAL TEÓRICA,74.56%,25.44%,114
GISELE FERREIRA DE LIMA ANDREANI,4764,CIÊNCIA E TECNOLOGIA DOS MATERIAIS,85.0%,15.0%,80
GISELE FERREIRA DE LIMA ANDREANI,5143,MATERIAIS METÁLICOS,97.18%,2.82%,71
GISELE FERREIRA DE LIMA ANDREANI,5401,TERMODINÂMICA DOS SÓLIDOS,92.95%,7.05%,298
GISELE FERREIRA DE LIMA ANDREANI,5878,METALURGIA EXTRATIVA,97.7%,2.3%,304
GISELE FERREIRA DE LIMA ANDREANI,5888,METALURGIA DO PÓ,90.53%,9.47%,95
GISELE FERREIRA DE LIMA ANDREANI,6182,TRABALHO DE CONCLUSÃO DE CURSO II,90.91%,9.09%,22
GRASIELE CRISTIANE JORGE,2650,GEOMETRIA ANALÍTICA,59.01%,40.99%,322
GRASIELE CRISTIANE JORGE,4328,SÉRIES E EQUAÇÕES DIFERENCIAIS ORDINÁRIAS,63.64%,36.36%,66
GRASIELE CRISTIANE JORGE,4406,TEORIA DOS NÃMEROS E CRIPTOGRAFIA,78.72%,21.28%,47
GRASIELE CRISTIANE JORGE,5367,CÁLCULO EM UMA VARIÁVEL,45.43%,54.57%,634
GRASIELE CRISTIANE JORGE,5844,MATEMÁTICA GERAL,82.61%,17.39%,23
GRASIELE CRISTIANE JORGE,7684,LABORATÓRIO DE MATEMÁTICA,72.46%,27.54%,69
HENRIQUE ALVES DE AMORIM,4765,DESENHO TÉCNICO,81.82%,18.18%,44
HENRIQUE ALVES DE AMORIM,5135,CIRCUITOS ELÉTRICOS,61.83%,38.17%,723
HENRIQUE ALVES DE AMORIM,5363,EXPRESSÃO GRÁFICA,92.59%,7.41%,27
HENRIQUE ALVES DE AMORIM,5903,CIRCUITOS ELÉTRICOS II,81.99%,18.01%,211
HENRIQUE MOHALLEM PAIVA,3491,TRABALHO DE CONCLUSÃO DE CURSO,84.62%,15.38%,39
HENRIQUE MOHALLEM PAIVA,5132,ANÁLISE DE SINAIS,54.79%,45.21%,73
HENRIQUE MOHALLEM PAIVA,5386,CONTROLE DE SISTEMAS DINÂMICOS,91.74%,8.26%,230
HENRIQUE MOHALLEM PAIVA,5414,ALGORITMOS EM BIOINFORMÁTICA,87.23%,12.77%,47
HENRIQUE MOHALLEM PAIVA,5903,CIRCUITOS ELÉTRICOS II,88.13%,11.87%,278
HENRIQUE MOHALLEM PAIVA,6182,TRABALHO DE CONCLUSÃO DE CURSO II,71.88%,28.12%,32
HORACIO HIDEKI YANASSE,2650,GEOMETRIA ANALÍTICA,78.18%,21.82%,55
HORACIO HIDEKI YANASSE,4148,OTIMIZAÇÃO LINEAR,90.48%,9.52%,21
HUGO DE CAMPOS BRAGA,4370,QUÍMICA GERAL EXPERIMENTAL,78.95%,21.05%,95
HUGO DE CAMPOS BRAGA,5704,QUÍMICA GERAL,61.82%,38.18%,440
IRACI DE SOUZA JOAO ROLAND,4541,MICROECONOMIA,74.55%,25.45%,110
IRACI DE SOUZA JOAO ROLAND,5399,TEORIAS ADMINISTRATIVAS,83.3%,16.7%,533
IRACI DE SOUZA JOAO ROLAND,5849,EMPREENDEDORISMO EM BIOTECNOLOGIA,85.14%,14.86%,175
IRACI DE SOUZA JOAO ROLAND,5885,QUALIDADE,71.15%,28.85%,52
IRACI DE SOUZA JOAO ROLAND,5886,GESTÃO DE PROJETOS,78.21%,21.79%,234
IRACI DE SOUZA JOAO ROLAND,7671,EMPREENDEDORISMO,56.92%,43.08%,65
JAQUELINE APARECIDA BORIA FERNANDEZ,4537,TECNOLOGIA E MEIO AMBIENTE,90.32%,9.68%,217
JAQUELINE APARECIDA BORIA FERNANDEZ,5870,"CIÊNCIA, TECNOLOGIA, SOCIEDADE E AMBIENTE",78.57%,21.43%,56
JEAN FABER FERREIRA DE ABREU,2609,PROBABILIDADE E ESTATÍSTICA,57.14%,42.86%,98
JEAN FABER FERREIRA DE ABREU,4748,FENÔMENOS ELETROMAGNÉTICOS,56.86%,43.14%,51
JEAN FABER FERREIRA DE ABREU,5932,BIOESTATÍSTICA,84.48%,15.52%,58
JEAN FABER FERREIRA DE ABREU,6110,AVANÇOS EM ENGENHARIA BIOMÉDICA,86.36%,13.64%,22
JOAO ALBERTO ARANTES DO AMARAL,7296,PENSAMENTO SISTÊMICO,67.33%,32.67%,101
JOAO MARCOS BATISTA JUNIOR,4350,QUÍMICA ORGÂNICA,75.54%,24.46%,278
JOAO MARCOS BATISTA JUNIOR,4773,TERMODINÂMICA QUÍMICA,78.57%,21.43%,126
JULIANA GARCIA CESPEDES,2609,PROBABILIDADE E ESTATÍSTICA,86.09%,13.91%,302
JULIANA GARCIA CESPEDES,4401,INFERÊNCIA E ANÁLISE DE REGRESSÃO,71.43%,28.57%,35
JULIANA GARCIA CESPEDES,6517,UNIDADE DE APOIO AO CÁLCULO,58.62%,41.38%,116
JULIANA SOUZA SCRIPTORE MOREIRA,4541,MICROECONOMIA,84.56%,15.44%,518
JULIANA SOUZA SCRIPTORE MOREIRA,4775,MACROECONOMIA,53.41%,46.59%,176
JULIANA SOUZA SCRIPTORE MOREIRA,5399,TEORIAS ADMINISTRATIVAS,87.7%,12.3%,309
JURANDY GOMES DE ALMEIDA JUNIOR,2649,LÓGICA DE PROGRAMAÇÃO,48.15%,51.85%,162
JURANDY GOMES DE ALMEIDA JUNIOR,2651,ALGORITMOS E ESTRUTURAS DE DADOS,39.22%,60.78%,51
JURANDY GOMES DE ALMEIDA JUNIOR,2833,ALGORITMOS E ESTRUTURAS DE DADOS II,51.56%,48.44%,128
JURANDY GOMES DE ALMEIDA JUNIOR,3579,PROJETO E ANÁLISE DE ALGORITMOS,40.0%,60.0%,75
KAREN DE LOLO GUILHERME PAULINO,2650,GEOMETRIA ANALÍTICA,69.52%,30.48%,210
KAREN DE LOLO GUILHERME PAULINO,5367,CÁLCULO EM UMA VARIÁVEL,44.44%,55.56%,279
KAREN DE LOLO GUILHERME PAULINO,7684,LABORATÓRIO DE MATEMÁTICA,78.07%,21.93%,187
KARINA RABELLO CASALI,3491,TRABALHO DE CONCLUSÃO DE CURSO,87.5%,12.5%,24
KARINA RABELLO CASALI,4380,INTRODUÇÃO À ENGENHARIA BIOMÉDICA,92.39%,7.61%,92
KARINA RABELLO CASALI,4748,FENÔMENOS ELETROMAGNÉTICOS,50.39%,49.61%,127
KARINA RABELLO CASALI,5124,ANATOMIA,95.0%,5.0%,80
KARINA RABELLO CASALI,5132,ANÁLISE DE SINAIS,87.93%,12.07%,58
KARINA RABELLO CASALI,5900,DESENHO TÉCNICO BÁSICO,85.96%,14.04%,114
KARINA RABELLO CASALI,5930,LABORATÓRIO DE ELETRÔNICA DIGITAL,95.9%,4.1%,439
KARINA RABELLO CASALI,5931,PROCESSAMENTO DE SINAIS BIOMÉDICOS,78.57%,21.43%,28
KARINA RABELLO CASALI,6108,INSTRUMENTOS BIOMÉDICOS II,87.18%,12.82%,78
KARINA RABELLO CASALI,8217,INSTRUMENTOS ELETROMÉDICOS,93.48%,6.52%,184
KATIA DA CONCEICAO,4760,INTRODUÇÃO À BIOTECNOLOGIA,78.2%,21.8%,367
KATIA DA CONCEICAO,5703,FUNDAMENTOS DE BIOLOGIA MODERNA,78.02%,21.98%,232
KATIA DA CONCEICAO,5760,BIOQUÍMICA ANALÍTICA,90.16%,9.84%,122
KATIA DA CONCEICAO,5847,BIOQUÍMICA II,86.62%,13.38%,142
KATIA DA CONCEICAO,5850,LABORATÓRIO DE BIOQUÍMICA ANALÍTICA,93.68%,6.32%,95
KATIA DA CONCEICAO,5854,QUÍMICA MEDICINAL,96.0%,4.0%,50
KATIA REGINA CARDOSO,4764,CIÊNCIA E TECNOLOGIA DOS MATERIAIS,84.49%,15.51%,316
KATIA REGINA CARDOSO,5145,RESISTÊNCIA DOS MATERIAIS,84.79%,15.21%,401
KATIA REGINA CARDOSO,5783,FUNDAMENTOS DE METALURGIA,96.15%,3.85%,26
KATIA REGINA CARDOSO,6671,METALURGIA FÍSICA,96.13%,3.87%,310
KELLY CRISTINA JORGE SAKAMOTO,4748,FENÔMENOS ELETROMAGNÉTICOS,51.67%,48.33%,120
KELLY CRISTINA JORGE SAKAMOTO,4770,MECÂNICA GERAL,51.33%,48.67%,339
KELLY CRISTINA JORGE SAKAMOTO,5137,FENÔMENOS ELETROMAGNÉTICOS EXPERIMENTAL,80.88%,19.12%,204
KELLY CRISTINA POLDI,4371,FUNÇÕES DE VÁRIAS VARIÁVEIS,76.92%,23.08%,52
KELLY CRISTINA POLDI,5367,CÁLCULO EM UMA VARIÁVEL,38.64%,61.36%,44
LARISSA STIEVEN MONTAGNA,4537,TECNOLOGIA E MEIO AMBIENTE,88.71%,11.29%,62
LARISSA STIEVEN MONTAGNA,5145,RESISTÊNCIA DOS MATERIAIS,87.5%,12.5%,40
LARISSA STIEVEN MONTAGNA,5387,ENSAIOS DE MATERIAIS,98.92%,1.08%,93
LARISSA STIEVEN MONTAGNA,5871,ESTRUTURA E PROPRIEDADES DE POLÍMEROS,94.55%,5.45%,55
LARISSA STIEVEN MONTAGNA,5881,CORROSÃO E DEGRADAÇÃO DE MATERIAIS,97.09%,2.91%,103
LAURO PAULO DA SILVA NETO,3518,CIRCUITOS DIGITAIS,85.19%,14.81%,108
LAURO PAULO DA SILVA NETO,5453,INTRODUÇÃO À ELETROTÉCNICA,93.53%,6.47%,201
LAURO PAULO DA SILVA NETO,5928,LABORATÓRIO DE SISTEMAS COMPUTACIONAIS: CIRCUITOS DIGITAIS,82.94%,17.06%,170
LAURO PAULO DA SILVA NETO,6099,MATERIAIS ELÉTRICOS,87.25%,12.75%,149
LAURO PAULO DA SILVA NETO,8271,LABORATÓRIO DE SISTEMAS COMPUTACIONAIS: COMUNICAÇÃO DIGITAL,97.67%,2.33%,43
LEANDRO CANDIDO BATISTA,2201,MATEMÁTICA DISCRETA,55.74%,44.26%,61
LEANDRO CANDIDO BATISTA,2475,ÁLGEBRA LINEAR,58.33%,41.67%,48
LEANDRO CANDIDO BATISTA,2650,GEOMETRIA ANALÍTICA,46.15%,53.85%,65
LEANDRO CANDIDO BATISTA,4149,ANÁLISE REAL,63.41%,36.59%,41
LEANDRO CANDIDO BATISTA,5359,CÁLCULO EM VÁRIAS VARIÁVEIS,61.11%,38.89%,90
LEANDRO KEY HIGUCHI YANAZE,7977,INTRODUÇÃO AO DESENVOLVIMENTO DE JOGOS DIGITAIS,55.17%,44.83%,29
LILIA MULLER GUERRINI,4370,QUÍMICA GERAL EXPERIMENTAL,45.45%,54.55%,33
LILIA MULLER GUERRINI,5393,MATERIAIS COMPÓSITOS,96.04%,3.96%,227
LILIA MULLER GUERRINI,5785,REOLOGIA DOS MATERIAIS,91.18%,8.82%,340
LILIA MULLER GUERRINI,5871,ESTRUTURA E PROPRIEDADES DE POLÍMEROS,91.71%,8.29%,362
LILIA MULLER GUERRINI,6674,RECICLAGEM DE MATERIAIS,96.31%,3.69%,217
LILIAN BERTON,2649,LÓGICA DE PROGRAMAÇÃO,56.55%,43.45%,145
LILIAN BERTON,2651,ALGORITMOS E ESTRUTURAS DE DADOS,37.04%,62.96%,27
LILIAN BERTON,2833,ALGORITMOS E ESTRUTURAS DE DADOS II,60.95%,39.05%,105
LILIAN BERTON,3490,INTELIGÊNCIA ARTIFICIAL,66.67%,33.33%,114
LLOHANN DALLAGNOL SPERANCA,4328,SÉRIES E EQUAÇÕES DIFERENCIAIS ORDINÁRIAS,69.39%,30.61%,147
LLOHANN DALLAGNOL SPERANCA,5367,CÁLCULO EM UMA VARIÁVEL,79.35%,20.65%,92
LUCIANA FERREIRA DA SILVA,2672,"CIÊNCIA, TECNOLOGIA E SOCIEDADE",84.63%,15.37%,1574
LUCIANA FERREIRA DA SILVA,4186,BASES EPISTEMOLÓGICAS DA CIÊNCIA MODERNA,83.05%,16.95%,118
LUCIANA FERREIRA DA SILVA,4767,"ECONOMIA, SOCIEDADE E MEIO AMBIENTE",94.37%,5.63%,142
LUCIANA FERREIRA DA SILVA,4774,MUDANÇA DO CLIMA E SOCIEDADE,88.28%,11.72%,239
LUCIANA FERREIRA DA SILVA,5870,"CIÊNCIA, TECNOLOGIA, SOCIEDADE E AMBIENTE",88.74%,11.26%,1305
LUCIANA FERREIRA DA SILVA,6072,TECNOLOGIA SOCIAL: PRÁXIS E CONTRA-HEGEMONIA,90.88%,9.12%,351
LUCIANA FERREIRA DA SILVA,6091,TÓPICOS EM CIÊNCIA E TECNOLOGIA III,90.98%,9.02%,255
LUCIANE PORTAS CAPELO,3491,TRABALHO DE CONCLUSÃO DE CURSO,92.86%,7.14%,28
LUCIANE PORTAS CAPELO,5358,BIOQUÍMICA E BIOLOGIA MOLECULAR FUNDAMENTAL,62.3%,37.7%,61
LUCIANE PORTAS CAPELO,5384,BIOÉTICA E BIOSSEGURANÇA,86.08%,13.92%,309
LUCIANE PORTAS CAPELO,5703,FUNDAMENTOS DE BIOLOGIA MODERNA,59.89%,40.11%,374
LUCIANE PORTAS CAPELO,5739,BIOLOGIA DO DESENVOLVIMENTO,92.54%,7.46%,201
LUCIANE PORTAS CAPELO,5843,BIOLOGIA MOLECULAR DO GENE,85.05%,14.95%,321
LUCIANE PORTAS CAPELO,5868,ENGENHARIA TECIDUAL E MEDICINA REGENERATIVA,93.1%,6.9%,87
LUCIENE BIANCA ALVES,2650,GEOMETRIA ANALÍTICA,45.93%,54.07%,307
LUCIENE BIANCA ALVES,5367,CÁLCULO EM UMA VARIÁVEL,46.15%,53.85%,91
LUIS AUGUSTO MARTINS PEREIRA,2833,ALGORITMOS E ESTRUTURAS DE DADOS II,54.12%,45.88%,85
LUIS AUGUSTO MARTINS PEREIRA,6101,SEMINÁRIOS INTERDISCIPLINARES,86.84%,13.16%,76
LUIS FELIPE CESAR DA ROCHA BUENO,2201,MATEMÁTICA DISCRETA,67.65%,32.35%,68
LUIS FELIPE CESAR DA ROCHA BUENO,2828,CÁLCULO NUMÉRICO,53.73%,46.27%,67
LUIS FELIPE CESAR DA ROCHA BUENO,4376,FUNÇÕES DE UMA VARIÁVEL,48.0%,52.0%,150
LUIS FELIPE CESAR DA ROCHA BUENO,5367,CÁLCULO EM UMA VARIÁVEL,52.51%,47.49%,179
LUIZ EDUARDO GALVAO MARTINS,2615,COMPILADORES,93.48%,6.52%,92
LUIZ EDUARDO GALVAO MARTINS,6033,SISTEMAS EMBARCADOS,90.0%,10.0%,70
LUIZ EDUARDO GALVAO MARTINS,6098,LABORATÓRIO DE SISTEMAS COMPUTACIONAIS: COMPILADORES,69.85%,30.15%,136
LUIZ LEDUINO DE SALLES NETO,2201,MATEMÁTICA DISCRETA,80.0%,20.0%,35
LUIZ LEDUINO DE SALLES NETO,2828,CÁLCULO NUMÉRICO,94.12%,5.88%,68
LUIZ LEDUINO DE SALLES NETO,4328,SÉRIES E EQUAÇÕES DIFERENCIAIS ORDINÁRIAS,95.58%,4.42%,113
LUIZ LEDUINO DE SALLES NETO,4371,FUNÇÕES DE VÁRIAS VARIÁVEIS,85.71%,14.29%,28
LUIZ LEDUINO DE SALLES NETO,4376,FUNÇÕES DE UMA VARIÁVEL,47.31%,52.69%,93
LUIZ LEDUINO DE SALLES NETO,5359,CÁLCULO EM VÁRIAS VARIÁVEIS,95.48%,4.52%,155
LUIZ LEDUINO DE SALLES NETO,5367,CÁLCULO EM UMA VARIÁVEL,60.94%,39.06%,64
LUZIA PEDROSO DE OLIVEIRA,2609,PROBABILIDADE E ESTATÍSTICA,72.02%,27.98%,193
LUZIA PEDROSO DE OLIVEIRA,2650,GEOMETRIA ANALÍTICA,65.32%,34.68%,222
MANUEL HENRIQUE LENTE,4348,FENÔMENOS DO CONTÍNUO,60.86%,39.14%,304
MANUEL HENRIQUE LENTE,4369,FENÔMENOS MECÂNICOS,33.02%,66.98%,106
MANUEL HENRIQUE LENTE,4748,FENÔMENOS ELETROMAGNÉTICOS,79.65%,20.35%,457
MANUEL HENRIQUE LENTE,5137,FENÔMENOS ELETROMAGNÉTICOS EXPERIMENTAL,94.64%,5.36%,56
MARAI DE FREITAS MAIO VENDRAMINE,5399,TEORIAS ADMINISTRATIVAS,77.27%,22.73%,22
MARAISA GONCALVES,4350,QUÍMICA ORGÂNICA,68.99%,31.01%,129
MARAISA GONCALVES,4370,QUÍMICA GERAL EXPERIMENTAL,83.62%,16.38%,177
MARAISA GONCALVES,4537,TECNOLOGIA E MEIO AMBIENTE,86.96%,13.04%,46
MARAISA GONCALVES,4772,QUÍMICA INORGÂNICA,69.12%,30.88%,68
MARAISA GONCALVES,5704,QUÍMICA GERAL,56.36%,43.64%,385
MARAISA GONCALVES,5881,CORROSÃO E DEGRADAÇÃO DE MATERIAIS,95.28%,4.72%,106
MARAISA GONCALVES,5883,QUÍMICA ANALÍTICA,96.43%,3.57%,28
MARAISA GONCALVES,8051,PRÁTICA EM PROJETOS EXTENSIONISTAS II,71.43%,28.57%,21
MARCELO CRISTINO GAMA,2650,GEOMETRIA ANALÍTICA,36.67%,63.33%,90
MARCELO CRISTINO GAMA,4187,INTRODUÇÃO À GEOMETRIA ANALÍTICA E ÁLGEBRA LINEAR,28.12%,71.88%,32
MARCELO CRISTINO GAMA,4328,SÉRIES E EQUAÇÕES DIFERENCIAIS ORDINÁRIAS,72.73%,27.27%,121
MARCELO CRISTINO GAMA,4545,EQUAÇÕES DIFERENCIAIS PARCIAIS,78.26%,21.74%,23
MARCELO CRISTINO GAMA,5359,CÁLCULO EM VÁRIAS VARIÁVEIS,65.28%,34.72%,72
MARCELO CRISTINO GAMA,5367,CÁLCULO EM UMA VARIÁVEL,17.73%,82.27%,141
MARCELO CRISTINO GAMA,6086,EQUAÇÕES DIFERENCIAIS ORDINÁRIAS,66.67%,33.33%,24
MARCELO DEZENA CABRELON,4537,TECNOLOGIA E MEIO AMBIENTE,91.94%,8.06%,211
MARCELO DEZENA CABRELON,5396,SELEÇÃO DE MATERIAIS,95.15%,4.85%,103
MARCELO DEZENA CABRELON,5873,PROCESSAMENTO DE MATERIAIS CERÂMICOS,98.57%,1.43%,70
MARCELO DEZENA CABRELON,5881,CORROSÃO E DEGRADAÇÃO DE MATERIAIS,97.18%,2.82%,71
MARCELO DEZENA CABRELON,5886,GESTÃO DE PROJETOS,98.25%,1.75%,57
MARCELO DEZENA CABRELON,6682,ENGENHARIA DE PRODUTOS CERÂMICOS,97.7%,2.3%,87
MARCIO PORTO BASGALUPP,2471,PROGRAMAÇÃO ORIENTADA A OBJETOS,80.7%,19.3%,171
MARCIO PORTO BASGALUPP,2649,LÓGICA DE PROGRAMAÇÃO,57.99%,42.01%,288
MARCIO PORTO BASGALUPP,2651,ALGORITMOS E ESTRUTURAS DE DADOS,46.22%,53.78%,357
MARCOS GONCALVES QUILES,2649,LÓGICA DE PROGRAMAÇÃO,60.09%,39.91%,223
MARCOS GONCALVES QUILES,3489,INTRODUÇÃO ÀS REDES NEURAIS ARTIFICIAIS,70.0%,30.0%,30
MARCOS GONCALVES QUILES,4352,MODELAGEM COMPUTACIONAL,84.6%,15.4%,448
MARCOS GONCALVES QUILES,6080,TÓPICOS INTERDISCIPLINARES EM COMPUTAÇÃO II,84.38%,15.62%,32
MARIA APARECIDA LEITE SOARES,5470,LIBRAS - EAD,88.64%,11.36%,44
MARIA CRISTINA VASCONCELOS NASCIMENTO ROSSET,2649,LÓGICA DE PROGRAMAÇÃO,48.97%,51.03%,145
MARIA CRISTINA VASCONCELOS NASCIMENTO ROSSET,2975,TEORIA DOS GRAFOS,87.5%,12.5%,40
MARIA CRISTINA VASCONCELOS NASCIMENTO ROSSET,6101,SEMINÁRIOS INTERDISCIPLINARES,84.0%,16.0%,25
MARIA ELIZETE KUNKEL,4369,FENÔMENOS MECÂNICOS,82.02%,17.98%,89
MARIA ELIZETE KUNKEL,4374,METODOLOGIA DA PESQUISA E COMUNICAÇÃO CIENTÍFICA,79.28%,20.72%,111
MARIA ELIZETE KUNKEL,5398,SISTEMAS MECÂNICOS,99.1%,0.9%,221
MARIA ELIZETE KUNKEL,5776,BIOMECÂNICA,97.47%,2.53%,79
MARIANA MOTISUKE,5170,BIOMATERIAIS,89.19%,10.81%,148
MARIANA MOTISUKE,5873,PROCESSAMENTO DE MATERIAIS CERÂMICOS,98.79%,1.21%,165
MARIANA MOTISUKE,7232,CIÊNCIA E ENGENHARIA DE BIOMATERIAIS,94.74%,5.26%,38
MARIANA MOTISUKE,8517,SOFT SKILLS NA ENGENHARIA,89.57%,10.43%,115
MARINA OLIVEIRA DE SOUZA DIAS,3491,TRABALHO DE CONCLUSÃO DE CURSO,90.86%,9.14%,186
MARINA OLIVEIRA DE SOUZA DIAS,4370,QUÍMICA GERAL EXPERIMENTAL,68.42%,31.58%,38
MARINA OLIVEIRA DE SOUZA DIAS,4374,METODOLOGIA DA PESQUISA E COMUNICAÇÃO CIENTÍFICA,83.19%,16.81%,119
MARINA OLIVEIRA DE SOUZA DIAS,4537,TECNOLOGIA E MEIO AMBIENTE,93.59%,6.41%,281
MARINA OLIVEIRA DE SOUZA DIAS,5117,BIOCOMBUSTÍVEIS,89.29%,10.71%,56
MARINA OLIVEIRA DE SOUZA DIAS,5136,FENÔMENOS DE TRANSPORTE,93.3%,6.7%,418
MARINA OLIVEIRA DE SOUZA DIAS,5401,TERMODINÂMICA DOS SÓLIDOS,92.74%,7.26%,179
MARINA OLIVEIRA DE SOUZA DIAS,5870,"CIÊNCIA, TECNOLOGIA, SOCIEDADE E AMBIENTE",89.13%,10.87%,230
MARINA OLIVEIRA DE SOUZA DIAS,6182,TRABALHO DE CONCLUSÃO DE CURSO II,82.78%,17.22%,209
MARINA OLIVEIRA DE SOUZA DIAS,6930,TÓPICOS ESPECIAIS EM CIÊNCIA E ENGENHARIA DE MATERIAIS,93.55%,6.45%,62
MARINA OLIVEIRA DE SOUZA DIAS,8518,SUSTENTABILIDADE,82.76%,17.24%,87
MARLI LEITE DE MORAES,4370,QUÍMICA GERAL EXPERIMENTAL,90.48%,9.52%,231
MARLI LEITE DE MORAES,4772,QUÍMICA INORGÂNICA,87.5%,12.5%,80
MARLI LEITE DE MORAES,5704,QUÍMICA GERAL,63.75%,36.25%,582
MARTIN RODRIGO ALEJANDRO WURTELE ALFONSO,4189,BIOLOGIA MOLECULAR E CELULAR,71.29%,28.71%,209
MARTIN RODRIGO ALEJANDRO WURTELE ALFONSO,5703,FUNDAMENTOS DE BIOLOGIA MODERNA,81.51%,18.49%,119
MARTIN RODRIGO ALEJANDRO WURTELE ALFONSO,5842,BIOQUÍMICA,61.56%,38.44%,294
MARTIN RODRIGO ALEJANDRO WURTELE ALFONSO,5845,LABORATÓRIO DE BIOQUÍMICA,96.77%,3.23%,124
MARTIN RODRIGO ALEJANDRO WURTELE ALFONSO,5853,BIOLOGIA ESTRUTURAL,98.25%,1.75%,57
MATEUS FERNANDES REU URBAN,5776,BIOMECÂNICA,94.74%,5.26%,57
MATEUS FERNANDES REU URBAN,6110,AVANÇOS EM ENGENHARIA BIOMÉDICA,89.47%,10.53%,57
MATEUS FERNANDES REU URBAN,6113,ELETRÔNICA AVANÇADA,90.48%,9.52%,21
MATEUS FERNANDES REU URBAN,7753,ECOS - EB,95.24%,4.76%,42
MATEUS FERNANDES REU URBAN,8521,ELETRÔNICA,86.67%,13.33%,30
MATHEUS CARDOSO MORAES,4165,IMAGENS BIOMÉDICAS,94.32%,5.68%,229
MATHEUS CARDOSO MORAES,5135,CIRCUITOS ELÉTRICOS,95.68%,4.32%,139
MATHEUS CARDOSO MORAES,5922,MÉTODOS AVANÇADOS EM PROCESSAMENTO DE IMAGENS BIOMÉDICAS,95.83%,4.17%,24
MATHEUS CARDOSO MORAES,6107,ENGENHARIA CLÍNICA HOSPITALAR APLICADA,98.13%,1.87%,268
MAURICIO PINHEIRO DE OLIVEIRA,5782,TECNOLOGIA EM TINTAS E VERNIZES,84.75%,15.25%,118
MAURICIO PINHEIRO DE OLIVEIRA,5786,SÍNTESE DE POLÍMEROS,62.98%,37.02%,416
MICHAEL DOS SANTOS BRITO,5703,FUNDAMENTOS DE BIOLOGIA MODERNA,76.55%,23.45%,354
MICHAEL DOS SANTOS BRITO,5740,BIOLOGIA GERAL,83.33%,16.67%,102
MICHAEL DOS SANTOS BRITO,5859,BOTÂNICA E FISIOLOGIA VEGETAL,84.54%,15.46%,97
MICHAEL DOS SANTOS BRITO,5867,BIOTECNOLOGIA VEGETAL,89.47%,10.53%,38
MIRELA VANINA DE MELLO,4376,FUNÇÕES DE UMA VARIÁVEL,53.21%,46.79%,109
NANDAMUDI LANKALAPALLI VIJAYKUMAR,6101,SEMINÁRIOS INTERDISCIPLINARES,89.8%,10.2%,49
NIRTON CRISTI SILVA VIEIRA,4538,FENÔMENOS MECÂNICOS EXPERIMENTAL,78.06%,21.94%,319
NIRTON CRISTI SILVA VIEIRA,4770,MECÂNICA GERAL,78.62%,21.38%,318
NIRTON CRISTI SILVA VIEIRA,5364,FENÔMENOS DO CONTÍNUO EXPERIMENTAL,84.44%,15.56%,45
NIRTON CRISTI SILVA VIEIRA,5933,BIOSSENSORES,84.48%,15.52%,116
OTAVIO AUGUSTO LAZZARINI LEMOS,2471,PROGRAMAÇÃO ORIENTADA A OBJETOS,89.39%,10.61%,132
OTAVIO AUGUSTO LAZZARINI LEMOS,2614,ENGENHARIA DE SOFTWARE,86.67%,13.33%,45
OTAVIO AUGUSTO LAZZARINI LEMOS,2649,LÓGICA DE PROGRAMAÇÃO,66.45%,33.55%,459
OTAVIO AUGUSTO LAZZARINI LEMOS,3050,VALIDAÇÃO E VERIFICAÇÃO DE SOFTWARE,81.58%,18.42%,38
OTAVIO AUGUSTO LAZZARINI LEMOS,7219,TÓPICOS EM TECNOLOGIA DA COMPUTAÇÃO V,72.09%,27.91%,43
PATRICIA ROMANO CIRILO,2475,ÁLGEBRA LINEAR,77.22%,22.78%,79
PATRICIA ROMANO CIRILO,2650,GEOMETRIA ANALÍTICA,46.29%,53.71%,229
PATRICIA ROMANO CIRILO,5359,CÁLCULO EM VÁRIAS VARIÁVEIS,68.52%,31.48%,54
PATRICIA ROMANO CIRILO,5367,CÁLCULO EM UMA VARIÁVEL,46.93%,53.07%,179
PATRICIA ROMANO CIRILO,6085,INTRODUÇÃO À GEOMETRIA DIFERENCIAL,71.43%,28.57%,21
PATRICIA ROMANO CIRILO,7684,LABORATÓRIO DE MATEMÁTICA,74.56%,25.44%,114
PAULA CAROLEI,6899,"JOGOS, GAMES E GAMIFICAÇÃO",60.83%,39.17%,120
PAULO TADEU DE MELLO LOURENCAO,5399,TEORIAS ADMINISTRATIVAS,81.48%,18.52%,27
PAULO TADEU DE MELLO LOURENCAO,8650,GESTÃO DA INOVAÇÃO,83.33%,16.67%,54
PEDRO LEVIT KAUFMANN,2201,MATEMÁTICA DISCRETA,51.42%,48.58%,459
PEDRO LEVIT KAUFMANN,4328,SÉRIES E EQUAÇÕES DIFERENCIAIS ORDINÁRIAS,59.26%,40.74%,27
PHILIPPE CURIMBABA FREITAS,4186,BASES EPISTEMOLÓGICAS DA CIÊNCIA MODERNA,78.4%,21.6%,287
PHILIPPE CURIMBABA FREITAS,4372,ESTRUTURA E DINÂMICA SOCIAL,78.43%,21.57%,255
RAQUEL APARECIDA DOMINGUES,4350,QUÍMICA ORGÂNICA,75.0%,25.0%,52
RAQUEL APARECIDA DOMINGUES,4370,QUÍMICA GERAL EXPERIMENTAL,81.88%,18.12%,149
RAQUEL APARECIDA DOMINGUES,4772,QUÍMICA INORGÂNICA,71.67%,28.33%,60
RAQUEL APARECIDA DOMINGUES,5704,QUÍMICA GERAL,56.3%,43.7%,476
REGIANE ALBERTINI DE CARVALHO,4374,METODOLOGIA DA PESQUISA E COMUNICAÇÃO CIENTÍFICA,93.57%,6.43%,171
REGIANE ALBERTINI DE CARVALHO,4380,INTRODUÇÃO À ENGENHARIA BIOMÉDICA,89.19%,10.81%,37
REGIANE ALBERTINI DE CARVALHO,5124,ANATOMIA,88.67%,11.33%,847
REGIANE ALBERTINI DE CARVALHO,5356,FISIOLOGIA HUMANA,79.63%,20.37%,54
REGIANE ALBERTINI DE CARVALHO,5384,BIOÉTICA E BIOSSEGURANÇA,93.75%,6.25%,32
REGIANE ALBERTINI DE CARVALHO,5703,FUNDAMENTOS DE BIOLOGIA MODERNA,64.71%,35.29%,51
REGIANE ALBERTINI DE CARVALHO,6110,AVANÇOS EM ENGENHARIA BIOMÉDICA,93.88%,6.12%,49
REGIANE ALBERTINI DE CARVALHO,6115,FISIOPATOLOGIA CLÍNICA DOS SISTEMAS HUMANOS,87.14%,12.86%,140
REGINA CELIA COELHO,2649,LÓGICA DE PROGRAMAÇÃO,37.76%,62.24%,98
REGINA CELIA COELHO,2651,ALGORITMOS E ESTRUTURAS DE DADOS,33.04%,66.96%,230
REGINA CELIA COELHO,2833,ALGORITMOS E ESTRUTURAS DE DADOS II,58.33%,41.67%,48
REGINA CELIA COELHO,3051,COMPUTAÇÃO GRÁFICA,46.91%,53.09%,81
REGINALDO MASSANOBU KUROSHU,2651,ALGORITMOS E ESTRUTURAS DE DADOS,47.06%,52.94%,85
REGINALDO MASSANOBU KUROSHU,2833,ALGORITMOS E ESTRUTURAS DE DADOS II,64.08%,35.92%,142
REGINALDO MASSANOBU KUROSHU,2975,TEORIA DOS GRAFOS,93.33%,6.67%,30
REGINALDO MASSANOBU KUROSHU,3579,PROJETO E ANÁLISE DE ALGORITMOS,64.18%,35.82%,469
RENATO ALESSANDRO MARTINS,2201,MATEMÁTICA DISCRETA,70.59%,29.41%,34
RENATO ALESSANDRO MARTINS,2475,ÁLGEBRA LINEAR,67.61%,32.39%,142
RENATO ALESSANDRO MARTINS,2609,PROBABILIDADE E ESTATÍSTICA,82.19%,17.81%,73
RENATO ALESSANDRO MARTINS,2650,GEOMETRIA ANALÍTICA,55.12%,44.88%,459
RENATO ALESSANDRO MARTINS,5367,CÁLCULO EM UMA VARIÁVEL,56.84%,43.16%,95
RENATO ALESSANDRO MARTINS,7684,LABORATÓRIO DE MATEMÁTICA,74.53%,25.47%,106
RENATO CESAR SATO,4541,MICROECONOMIA,60.33%,39.67%,600
RENATO CESAR SATO,4775,MACROECONOMIA,67.92%,32.08%,53
RENATO CESAR SATO,5095,ANÁLISE DE INVESTIMENTOS E RISCOS,73.91%,26.09%,92
RENATO CESAR SATO,5399,TEORIAS ADMINISTRATIVAS,89.07%,10.93%,302
RENATO CESAR SATO,6082,INTRODUÇÃO À ENGENHARIA FINANCEIRA,46.15%,53.85%,26
RICARDO COELHO SILVA,2201,MATEMÁTICA DISCRETA,36.36%,63.64%,22
RICARDO COELHO SILVA,4376,FUNÇÕES DE UMA VARIÁVEL,26.03%,73.97%,73
ROBERSON SARAIVA POLLI,5135,CIRCUITOS ELÉTRICOS,70.36%,29.64%,334
ROBERSON SARAIVA POLLI,5398,SISTEMAS MECÂNICOS,92.59%,7.41%,27
ROBERSON SARAIVA POLLI,5763,TRANSDUÇÃO DE GRANDEZAS BIOMÉDICAS,97.14%,2.86%,175
ROBERSON SARAIVA POLLI,6068,INSTRUMENTOS BIOMÉDICOS,96.93%,3.07%,163
ROBERSON SARAIVA POLLI,8819,INTRODUÇÃO A RMN,83.64%,16.36%,55
ROBERSON SARAIVA POLLI,8820,TÓPICOS EM FÍSICA MODERNA,74.71%,25.29%,87
ROBSON OLIVEIRA DA SILVA,2201,MATEMÁTICA DISCRETA,58.57%,41.43%,251
ROBSON OLIVEIRA DA SILVA,2475,ÁLGEBRA LINEAR,73.02%,26.98%,63
ROBSON OLIVEIRA DA SILVA,4187,INTRODUÇÃO À GEOMETRIA ANALÍTICA E ÁLGEBRA LINEAR,30.0%,70.0%,60
ROBSON OLIVEIRA DA SILVA,5359,CÁLCULO EM VÁRIAS VARIÁVEIS,61.97%,38.03%,71
ROBSON OLIVEIRA DA SILVA,5367,CÁLCULO EM UMA VARIÁVEL,32.26%,67.74%,93
RODOLPHO VILHENA DE MORAES,4328,SÉRIES E EQUAÇÕES DIFERENCIAIS ORDINÁRIAS,75.0%,25.0%,32
RODOLPHO VILHENA DE MORAES,4376,FUNÇÕES DE UMA VARIÁVEL,27.27%,72.73%,33
ROSSANO LANG CARVALHO,4348,FENÔMENOS DO CONTÍNUO,59.26%,40.74%,513
ROSSANO LANG CARVALHO,4369,FENÔMENOS MECÂNICOS,80.3%,19.7%,66
ROSSANO LANG CARVALHO,4748,FENÔMENOS ELETROMAGNÉTICOS,69.03%,30.97%,381
ROSSANO LANG CARVALHO,5137,FENÔMENOS ELETROMAGNÉTICOS EXPERIMENTAL,86.44%,13.56%,59
ROSSANO LANG CARVALHO,5364,FENÔMENOS DO CONTÍNUO EXPERIMENTAL,88.71%,11.29%,124
SANDERSON LINCOHN GONZAGA DE OLIVEIRA,2649,LÓGICA DE PROGRAMAÇÃO,0.0%,100.0%,34
SANDRO GOMES SOARES,5703,FUNDAMENTOS DE BIOLOGIA MODERNA,59.32%,40.68%,59
SERGIO RONALDO BARROS DOS SANTOS,2834,ARQUITETURA E ORGANIZAÇÃO DE COMPUTADORES,96.2%,3.8%,79
SERGIO RONALDO BARROS DOS SANTOS,4544,TRABALHO DE GRADUAÇÃO,46.88%,53.12%,32
SERGIO RONALDO BARROS DOS SANTOS,5132,ANÁLISE DE SINAIS,65.12%,34.88%,172
SERGIO RONALDO BARROS DOS SANTOS,5386,CONTROLE DE SISTEMAS DINÂMICOS,87.93%,12.07%,58
SERGIO RONALDO BARROS DOS SANTOS,6033,SISTEMAS EMBARCADOS,72.54%,27.46%,244
SERGIO RONALDO BARROS DOS SANTOS,6090,LABORATÓRIO DE SISTEMAS COMPUTACIONAIS: ARQUITETURA E ORGANIZAÇÃO DE COMPUTADORES,93.48%,6.52%,46
SILVIA LUCIA CUFFINI,4370,QUÍMICA GERAL EXPERIMENTAL,64.57%,35.43%,127
SILVIA LUCIA CUFFINI,4772,QUÍMICA INORGÂNICA,93.55%,6.45%,217
SILVIA LUCIA CUFFINI,4773,TERMODINÂMICA QUÍMICA,81.4%,18.6%,43
SILVIA LUCIA CUFFINI,5704,QUÍMICA GERAL,60.06%,39.94%,343
SILVIO EDUARDO DUAILIBI,4374,METODOLOGIA DA PESQUISA E COMUNICAÇÃO CIENTÍFICA,87.0%,13.0%,223
TATIANA DE SOUSA DA CUNHA UCHIYAMA,4368,BIOQUÍMICA E FISIOLOGIA HUMANA,50.0%,50.0%,66
TATIANA DE SOUSA DA CUNHA UCHIYAMA,5118,FISIOLOGIA EXPERIMENTAL,97.08%,2.92%,137
TATIANA DE SOUSA DA CUNHA UCHIYAMA,5141,FISIOPATOLOGIA CARDIORRESPIRATÓRIA,90.38%,9.62%,156
TATIANA DE SOUSA DA CUNHA UCHIYAMA,5356,FISIOLOGIA HUMANA,81.65%,18.35%,496
TATIANA DE SOUSA DA CUNHA UCHIYAMA,5384,BIOÉTICA E BIOSSEGURANÇA,92.59%,7.41%,54
TATIANA DE SOUSA DA CUNHA UCHIYAMA,8272,FISIOLOGIA HUMANA II,91.93%,8.07%,223
TATIANE MACEDO PRUDENCIO LOPES,2649,LÓGICA DE PROGRAMAÇÃO,57.93%,42.07%,145
THACIANA VALENTINA MALASPINA FILETI,4348,FENÔMENOS DO CONTÍNUO,83.2%,16.8%,125
THACIANA VALENTINA MALASPINA FILETI,4369,FENÔMENOS MECÂNICOS,71.06%,28.94%,1396
THACIANA VALENTINA MALASPINA FILETI,4538,FENÔMENOS MECÂNICOS EXPERIMENTAL,94.3%,5.7%,421
THADEU ALVES SENNE,2609,PROBABILIDADE E ESTATÍSTICA,86.94%,13.06%,360
THADEU ALVES SENNE,2650,GEOMETRIA ANALÍTICA,64.62%,35.38%,130
THADEU ALVES SENNE,2828,CÁLCULO NUMÉRICO,78.78%,21.22%,377
THADEU ALVES SENNE,4328,SÉRIES E EQUAÇÕES DIFERENCIAIS ORDINÁRIAS,65.75%,34.25%,73
THADEU ALVES SENNE,5359,CÁLCULO EM VÁRIAS VARIÁVEIS,86.0%,14.0%,200
THADEU ALVES SENNE,5367,CÁLCULO EM UMA VARIÁVEL,38.55%,61.45%,179
THADEU ALVES SENNE,5844,MATEMÁTICA GERAL,94.34%,5.66%,53
THADEU ALVES SENNE,7684,LABORATÓRIO DE MATEMÁTICA,81.63%,18.37%,49
THAINA APARECIDA AZEVEDO TOSTA,2615,COMPILADORES,76.52%,23.48%,115
THAINA APARECIDA AZEVEDO TOSTA,2834,ARQUITETURA E ORGANIZAÇÃO DE COMPUTADORES,90.32%,9.68%,31
THAINA APARECIDA AZEVEDO TOSTA,3518,CIRCUITOS DIGITAIS,84.18%,15.82%,177
THAINA APARECIDA AZEVEDO TOSTA,4544,TRABALHO DE GRADUAÇÃO,32.69%,67.31%,52
THAINA APARECIDA AZEVEDO TOSTA,6098,LABORATÓRIO DE SISTEMAS COMPUTACIONAIS: COMPILADORES,50.0%,50.0%,30
THIAGO CASTILHO DE MELLO,2201,MATEMÁTICA DISCRETA,49.11%,50.89%,112
THIAGO CASTILHO DE MELLO,2475,ÁLGEBRA LINEAR,75.56%,24.44%,180
THIAGO CASTILHO DE MELLO,2650,GEOMETRIA ANALÍTICA,45.0%,55.0%,80
THIAGO CASTILHO DE MELLO,5359,CÁLCULO EM VÁRIAS VARIÁVEIS,88.0%,12.0%,25
THIAGO CASTILHO DE MELLO,5367,CÁLCULO EM UMA VARIÁVEL,43.09%,56.91%,492
THIAGO CASTILHO DE MELLO,7684,LABORATÓRIO DE MATEMÁTICA,94.12%,5.88%,51
THIAGO MARTINI PEREIRA,3491,TRABALHO DE CONCLUSÃO DE CURSO,79.67%,20.33%,123
THIAGO MARTINI PEREIRA,4369,FENÔMENOS MECÂNICOS,39.33%,60.67%,89
THIAGO MARTINI PEREIRA,4374,METODOLOGIA DA PESQUISA E COMUNICAÇÃO CIENTÍFICA,87.5%,12.5%,56
THIAGO MARTINI PEREIRA,4380,INTRODUÇÃO À ENGENHARIA BIOMÉDICA,88.76%,11.24%,89
THIAGO MARTINI PEREIRA,4770,MECÂNICA GERAL,83.77%,16.23%,191
THIAGO MARTINI PEREIRA,5137,FENÔMENOS ELETROMAGNÉTICOS EXPERIMENTAL,95.03%,4.97%,161
THIAGO MARTINI PEREIRA,5414,ALGORITMOS EM BIOINFORMÁTICA,84.78%,15.22%,184
THIAGO MARTINI PEREIRA,5777,FUNDAMENTOS DE MATLAB APLICADO À ENGENHARIA,52.38%,47.62%,42
THIAGO MARTINI PEREIRA,6182,TRABALHO DE CONCLUSÃO DE CURSO II,63.64%,36.36%,121
THIAGO MARTINI PEREIRA,8218,PROCESSAMENTO DE SINAIS,92.86%,7.14%,168
THIAGO MARTINI PEREIRA,8817,PYTHON PARA ENGENHARIA,81.22%,18.78%,245
TIAGO DE OLIVEIRA,2649,LÓGICA DE PROGRAMAÇÃO,74.55%,25.45%,55
TIAGO DE OLIVEIRA,3518,CIRCUITOS DIGITAIS,78.05%,21.95%,41
TIAGO DE OLIVEIRA,5928,LABORATÓRIO DE SISTEMAS COMPUTACIONAIS: CIRCUITOS DIGITAIS,90.85%,9.15%,164
TIAGO DE OLIVEIRA,6090,LABORATÓRIO DE SISTEMAS COMPUTACIONAIS: ARQUITETURA E ORGANIZAÇÃO DE COMPUTADORES,82.04%,17.96%,167
TIAGO DE OLIVEIRA,6100,PROJETOS EM ENGENHARIA DE COMPUTAÇÃO,88.46%,11.54%,156
TIAGO DE OLIVEIRA,6102,LABORATÓRIO DE SISTEMAS COMPUTACIONAIS: SISTEMAS OPERACIONAIS,66.22%,33.78%,148
TIAGO DE OLIVEIRA,6106,ELABORAÇÃO DE TRABALHOS CIENTÍFICOS E TECNOLÓGICOS EM COMPUTAÇÃO,82.14%,17.86%,28
TIAGO RODRIGUES MACEDO,2475,ÁLGEBRA LINEAR,58.82%,41.18%,68
TIAGO RODRIGUES MACEDO,2650,GEOMETRIA ANALÍTICA,37.06%,62.94%,143
TIAGO RODRIGUES MACEDO,2828,CÁLCULO NUMÉRICO,62.5%,37.5%,64
TIAGO RODRIGUES MACEDO,5359,CÁLCULO EM VÁRIAS VARIÁVEIS,58.16%,41.84%,98
TIAGO RODRIGUES MACEDO,5367,CÁLCULO EM UMA VARIÁVEL,56.02%,43.98%,166
TIAGO SILVA DA SILVA,2649,LÓGICA DE PROGRAMAÇÃO,65.08%,34.92%,126
TIAGO SILVA DA SILVA,2651,ALGORITMOS E ESTRUTURAS DE DADOS,74.42%,25.58%,43
TIAGO SILVA DA SILVA,5781,INTERAÇÃO HUMANO-COMPUTADOR,92.31%,7.69%,104
TIAGO SILVA DA SILVA,5937,LABORATÓRIO DE USABILIDADE NA WEB,94.12%,5.88%,34
TIAGO SILVA DA SILVA,6095,LABORATÓRIO DE SISTEMAS COMPUTACIONAIS: ENGENHARIA DE SISTEMAS,96.43%,3.57%,84
TIARA MARTINI DOS SANTOS,4328,SÉRIES E EQUAÇÕES DIFERENCIAIS ORDINÁRIAS,64.06%,35.94%,64
VALERIO ROSSET,2617,REDES DE COMPUTADORES,83.82%,16.18%,68
VALERIO ROSSET,2649,LÓGICA DE PROGRAMAÇÃO,43.64%,56.36%,236
VALERIO ROSSET,2651,ALGORITMOS E ESTRUTURAS DE DADOS,45.26%,54.74%,285
VALERIO ROSSET,3819,SEGURANÇA COMPUTACIONAL,73.21%,26.79%,56
VANESSA ANDRADE PEREIRA,2672,"CIÊNCIA, TECNOLOGIA E SOCIEDADE",80.88%,19.12%,1109
VANESSA ANDRADE PEREIRA,4372,ESTRUTURA E DINÂMICA SOCIAL,88.75%,11.25%,160
VANESSA ANDRADE PEREIRA,5870,"CIÊNCIA, TECNOLOGIA, SOCIEDADE E AMBIENTE",88.31%,11.69%,402
VANESSA ANDRADE PEREIRA,5919,CULTURA DIGITAL,77.12%,22.88%,153
VANESSA ANDRADE PEREIRA,6070,RELAÇÕES ÉTNICO-RACIAIS E CULTURA AFRO-BRASILEIRA E INDÍGENA,90.0%,10.0%,30
VANESSA ANDRADE PEREIRA,6073,TÓPICOS EM CIÊNCIA E TECNOLOGIA,82.5%,17.5%,80
VANESSA ANDRADE PEREIRA,6076,CULTURA DOS JOGOS DIGITAIS,89.97%,10.03%,598
VANESSA ANDRADE PEREIRA,6084,"DIREITOS HUMANOS, MULTICULTURALISMO E C&T",86.67%,13.33%,60
VANESSA ANDRADE PEREIRA,8536,DESENVOLVIMENTO DE GAMES,54.17%,45.83%,24
VANESSA GONCALVES PASCHOA FERRAZ,2475,ÁLGEBRA LINEAR,63.38%,36.62%,71
VANESSA GONCALVES PASCHOA FERRAZ,2650,GEOMETRIA ANALÍTICA,71.2%,28.8%,125
VANESSA GONCALVES PASCHOA FERRAZ,2828,CÁLCULO NUMÉRICO,91.84%,8.16%,49
VANESSA GONCALVES PASCHOA FERRAZ,4187,INTRODUÇÃO À GEOMETRIA ANALÍTICA E ÁLGEBRA LINEAR,34.78%,65.22%,46
VANESSA GONCALVES PASCHOA FERRAZ,4328,SÉRIES E EQUAÇÕES DIFERENCIAIS ORDINÁRIAS,52.05%,47.95%,73
VANESSA GONCALVES PASCHOA FERRAZ,5367,CÁLCULO EM UMA VARIÁVEL,45.2%,54.8%,354
VANESSA GONCALVES PASCHOA FERRAZ,7684,LABORATÓRIO DE MATEMÁTICA,85.16%,14.84%,128
VINICIUS VELOSO DE MELO,2649,LÓGICA DE PROGRAMAÇÃO,20.51%,79.49%,39
VINICIUS VELOSO DE MELO,2651,ALGORITMOS E ESTRUTURAS DE DADOS,68.92%,31.08%,74
VINICIUS VELOSO DE MELO,2833,ALGORITMOS E ESTRUTURAS DE DADOS II,81.25%,18.75%,64
VINICIUS VELOSO DE MELO,3490,INTELIGÊNCIA ARTIFICIAL,68.35%,31.65%,79
WASHINGTON ALVES DE OLIVEIRA,4187,INTRODUÇÃO À GEOMETRIA ANALÍTICA E ÁLGEBRA LINEAR,50.57%,49.43%,87
ZULEIKA STEFANIA SABINO ROQUE,2672,"CIÊNCIA, TECNOLOGIA E SOCIEDADE",75.96%,24.04%,104
ZULEIKA STEFANIA SABINO ROQUE,5870,"CIÊNCIA, TECNOLOGIA, SOCIEDADE E AMBIENTE",76.4%,23.6%,89
ZULEIKA STEFANIA SABINO ROQUE,6070,RELAÇÕES ÉTNICO-RACIAIS E CULTURA AFRO-BRASILEIRA E INDÍGENA,87.23%,12.77%,47
ZULEIKA STEFANIA SABINO ROQUE,6084,"DIREITOS HUMANOS, MULTICULTURALISMO E C&T",86.27%,13.73%,204
ALINE CAPELLA DE OLIVEIRA,2649,LÓGICA DE PROGRAMAÇÃO,100.0%,0.0%,33
ALINE CAPELLA DE OLIVEIRA,4369,FENÔMENOS MECÂNICOS,100.0%,0.0%,49
ALINE CAPELLA DE OLIVEIRA,4370,QUÍMICA GERAL EXPERIMENTAL,100.0%,0.0%,31
ALINE CAPELLA DE OLIVEIRA,4373,INTRODUÇÃO À ENGENHARIA DE MATERIAIS,100.0%,0.0%,23
ALINE CAPELLA DE OLIVEIRA,4374,METODOLOGIA DA PESQUISA E COMUNICAÇÃO CIENTÍFICA,100.0%,0.0%,30
ALINE CAPELLA DE OLIVEIRA,5399,TEORIAS ADMINISTRATIVAS,100.0%,0.0%,22
ALINE CAPELLA DE OLIVEIRA,5882,ESTÁGIO,100.0%,0.0%,53
ALINE CAPELLA DE OLIVEIRA,6929,SOLDAGEM,100.0%,0.0%,35
ALINE CAPELLA DE OLIVEIRA,7470,ATIVIDADES COMPLEMENTARES - ENG. DE MATERIAIS,100.0%,0.0%,190
ANA PAULA DE MORAES,5867,BIOTECNOLOGIA VEGETAL,100.0%,0.0%,24
ANA PAULA FONSECA ALBERS,5873,PROCESSAMENTO DE MATERIAIS CERÂMICOS,100.0%,0.0%,21
ANDRE ZELANIS PALITOT PEREIRA,5860,PROTEÔMICA,100.0%,0.0%,74
BRUNO YUJI LINO KIMURA,6101,SEMINÁRIOS INTERDISCIPLINARES,100.0%,0.0%,24
CARLOS CESAR APARECIDO EGUTI,6089,LABORATÓRIO DE CIRCUITOS ELÉTRICOS,100.0%,0.0%,86
CLAUDIO SABURO SHIDA,4695,ATIVIDADES COMPLEMENTARES - BCT,100.0%,0.0%,127
DANIEL GUSTAVO GOROSO,5137,FENÔMENOS ELETROMAGNÉTICOS EXPERIMENTAL,100.0%,0.0%,42
DANIELA LEAL MUSA,6091,TÓPICOS EM CIÊNCIA E TECNOLOGIA III,100.0%,0.0%,23
DANIELI APARECIDA PEREIRA REIS,5783,FUNDAMENTOS DE METALURGIA,100.0%,0.0%,32
DANIELI APARECIDA PEREIRA REIS,5872,FUNDAMENTOS DE METALURGIA II,100.0%,0.0%,56
DANIELI APARECIDA PEREIRA REIS,5881,CORROSÃO E DEGRADAÇÃO DE MATERIAIS,100.0%,0.0%,83
DANIELI APARECIDA PEREIRA REIS,7580,MATERIAIS AEROESPACIAIS,100.0%,0.0%,45
DENISE STRINGHINI,4695,ATIVIDADES COMPLEMENTARES - BCT,100.0%,0.0%,720
EDUARDO QUINTEIRO,5875,CERÂMICAS REFRATÁRIAS,100.0%,0.0%,165
EDUARDO QUINTEIRO,6682,ENGENHARIA DE PRODUTOS CERÂMICOS,100.0%,0.0%,77
ELISABETH DE FATIMA PIRES AUGUSTO,5851,ENGENHARIA BIOQUÍMICA II,100.0%,0.0%,70
ELISABETH DE FATIMA PIRES AUGUSTO,5852,LABORATÓRIO DE ENGENHARIA BIOQUÍMICA,100.0%,0.0%,67
ERICA FREIRE ANTUNES,4768,LABORATÓRIO DE FENÔMENOS DO CONTÍNUO,100.0%,0.0%,30
EZEQUIEL ROBERTO ZORZAL,5781,INTERAÇÃO HUMANO-COMPUTADOR,100.0%,0.0%,36
FABIO AUGUSTO MENOCCI CAPPABIANCO,6099,MATERIAIS ELÉTRICOS,100.0%,0.0%,22
FABIO ROBERTO PASSADOR,4695,ATIVIDADES COMPLEMENTARES - BCT,100.0%,0.0%,32
FABIO ROBERTO PASSADOR,7470,ATIVIDADES COMPLEMENTARES - ENG. DE MATERIAIS,100.0%,0.0%,21
HENRIQUE ALVES DE AMORIM,6089,LABORATÓRIO DE CIRCUITOS ELÉTRICOS,100.0%,0.0%,36
HUGO DE CAMPOS BRAGA,4772,QUÍMICA INORGÂNICA,100.0%,0.0%,28
KARINA RABELLO CASALI,4538,FENÔMENOS MECÂNICOS EXPERIMENTAL,100.0%,0.0%,25
KARINA RABELLO CASALI,5135,CIRCUITOS ELÉTRICOS,100.0%,0.0%,21
KARINA RABELLO CASALI,5453,INTRODUÇÃO À ELETROTÉCNICA,100.0%,0.0%,22
KARINA RABELLO CASALI,7468,ATIVIDADES COMPLEMENTARES - ENG BIOMÉDICA,100.0%,0.0%,97
KATIA REGINA CARDOSO,5878,METALURGIA EXTRATIVA,100.0%,0.0%,30
LARISSA STIEVEN MONTAGNA,5787,TÉCNICAS EXPERIMENTAIS,100.0%,0.0%,40
LUIZ EDUARDO GALVAO MARTINS,2614,ENGENHARIA DE SOFTWARE,100.0%,0.0%,110
LUIZ EDUARDO GALVAO MARTINS,6095,LABORATÓRIO DE SISTEMAS COMPUTACIONAIS: ENGENHARIA DE SISTEMAS,100.0%,0.0%,92
MARCELO DEZENA CABRELON,5787,TÉCNICAS EXPERIMENTAIS,100.0%,0.0%,28
MARCOS MASSI,5137,FENÔMENOS ELETROMAGNÉTICOS EXPERIMENTAL,100.0%,0.0%,101
MARCOS MASSI,5364,FENÔMENOS DO CONTÍNUO EXPERIMENTAL,100.0%,0.0%,58
MARINA OLIVEIRA DE SOUZA DIAS,6931,TÓPICOS ESPECIAIS EM CIÊNCIA E ENGENHARIA DE MATERIAIS II,100.0%,0.0%,35
MARLI LEITE DE MORAES,4695,ATIVIDADES COMPLEMENTARES - BCT,100.0%,0.0%,123
MARTIN RODRIGO ALEJANDRO WURTELE ALFONSO,4695,ATIVIDADES COMPLEMENTARES - BCT,100.0%,0.0%,56
MATHEUS CARDOSO MORAES,5903,CIRCUITOS ELÉTRICOS II,100.0%,0.0%,45
MAURICIO PINHEIRO DE OLIVEIRA,5394,OPERAÇÕES UNITÁRIAS,100.0%,0.0%,49
NELIO MARCO VINCENZO BIZZO,8964,ALFABETIZAÇÃO NUTRICIONAL: LENDO RÓTULOS DE ALIMENTOS,100.0%,0.0%,27
NIRTON CRISTI SILVA VIEIRA,5137,FENÔMENOS ELETROMAGNÉTICOS EXPERIMENTAL,100.0%,0.0%,35
REGIANE ALBERTINI DE CARVALHO,5934,BIOTECNOLOGIA,100.0%,0.0%,27
SERGIO RONALDO BARROS DOS SANTOS,6035,ATIVIDADES DE EXTENSÃO,100.0%,0.0%,76
SERGIO RONALDO BARROS DOS SANTOS,7469,ATIVIDADES COMPLEMENTARES - ENG COMPUTAÇÃO,100.0%,0.0%,88
THADEU ALVES SENNE,2475,ÁLGEBRA LINEAR,100.0%,0.0%,56
